/*!40101 SET @OLD_CHARACTER_SET_CLIENT=@@CHARACTER_SET_CLIENT */;
/*!40101 SET NAMES utf8 */;
/*!50503 SET NAMES utf8mb4 */;
/*!40103 SET @OLD_TIME_ZONE=@@TIME_ZONE */;
/*!40103 SET TIME_ZONE='+00:00' */;
/*!40014 SET @OLD_FOREIGN_KEY_CHECKS=@@FOREIGN_KEY_CHECKS, FOREIGN_KEY_CHECKS=0 */;
/*!40101 SET @OLD_SQL_MODE=@@SQL_MODE, SQL_MODE='NO_AUTO_VALUE_ON_ZERO' */;
/*!40111 SET @OLD_SQL_NOTES=@@SQL_NOTES, SQL_NOTES=0 */;


-- pedometer 데이터베이스 구조 내보내기
DROP DATABASE IF EXISTS `pedometer`;
CREATE DATABASE IF NOT EXISTS `pedometer`;
USE `pedometer`;

-- 테이블 pedometer.competitions 구조 내보내기
DROP TABLE IF EXISTS `competitions`;
CREATE TABLE IF NOT EXISTS `competitions` (
  `competition_id` int(11) NOT NULL AUTO_INCREMENT COMMENT '각 경쟁을 고유하게 식별',
  `competition_name` varchar(100) NOT NULL COMMENT '경쟁 이름',
  `start_time` datetime NOT NULL COMMENT '경쟁 시작 시간',
  `end_time` datetime NOT NULL COMMENT '경쟁 종료 시간',
  `type` enum('region','global','friend','other') DEFAULT NULL COMMENT '경쟁 유형',
  PRIMARY KEY (`competition_id`) USING BTREE
) ENGINE=InnoDB AUTO_INCREMENT=21 COMMENT='운동경쟁(이벤트,대회)정보';

-- 테이블 데이터 pedometer.competitions:~20 rows (대략적) 내보내기
INSERT INTO `competitions` (`competition_id`, `competition_name`, `start_time`, `end_time`, `type`) VALUES
	(1, '새해맞이 100만보 챌린지', '2025-01-01 17:30:00', '2025-01-31 16:00:00', 'global'),
	(2, '우리 동네 한바퀴 걷기 대회', '2025-03-15 10:00:00', '2025-03-15 18:00:00', 'friend'),
	(3, '직장인 점심시간 걷기 챌린지', '2025-02-01 12:00:00', '2025-02-01 13:00:00', 'region'),
	(4, '가족과 함께하는 건강 걷기 축제', '2025-05-05 10:00:00', '2025-05-05 20:00:00', 'region'),
	(5, '칼로리 소모왕 선발 대회', '2025-04-01 14:00:00', '2025-04-30 16:00:00', 'global'),
	(6, '꽃길만 걸어요 챌린지', '2025-04-01 14:00:00', '2025-04-30 18:00:00', 'region'),
	(7, '계단 오르기 챌린지', '2025-05-01 17:30:00', '2025-05-31 16:00:00', 'other'),
	(8, '반려견과 함께 걷기 대회', '2025-06-01 17:30:00', '2025-06-01 18:00:00', 'friend'),
	(9, '야간 걷기 챌린지', '2025-07-01 14:00:00', '2025-07-31 16:00:00', 'other'),
	(10, '해변 걷기 축제', '2025-08-15 17:30:00', '2025-08-15 18:00:00', 'other'),
	(11, '가을 단풍길 걷기 대회', '2025-10-26 14:00:00', '2025-10-26 16:00:00', 'region'),
	(12, '겨울 눈꽃 걷기 축제', '2025-12-25 14:00:00', '2025-12-25 20:00:00', 'region'),
	(13, '매일 7천보 걷기 챌린지', '2025-01-15 17:30:00', '2025-02-15 20:00:00', 'global'),
	(14, '세계 여성의 날 기념 걷기', '2025-03-08 14:00:00', '2025-03-08 20:00:00', 'global'),
	(15, '지구의 날 기념 플로깅 챌린지', '2025-04-22 17:30:00', '2025-04-22 18:00:00', 'global'),
	(16, '고혈압 예방 걷기 캠페인', '2025-05-17 17:30:00', '2025-05-17 20:00:00', 'other'),
	(17, '당뇨병 극복 걷기 대회', '2025-06-10 10:00:00', '2025-06-10 18:00:00', 'other'),
	(18, '암 예방 걷기 축제', '2025-07-21 14:00:00', '2025-07-21 20:00:00', 'global'),
	(19, '심혈관 질환 예방 걷기 챌린지', '2025-08-12 14:00:00', '2025-09-12 18:00:00', 'region'),
	(20, '치매 예방 걷기 캠페인', '2025-09-21 10:00:00', '2025-09-21 18:00:00', 'other');

-- 테이블 pedometer.competition_participants 구조 내보내기
DROP TABLE IF EXISTS `competition_participants`;
CREATE TABLE IF NOT EXISTS `competition_participants` (
  `participant_id` int(11) NOT NULL AUTO_INCREMENT COMMENT '각 참가자를 고유하게 식별',
  `competition_id` int(11) NOT NULL COMMENT 'Competitions 테이블의 competition_id를 참조',
  `user_id` int(11) NOT NULL COMMENT 'Users 테이블의 user_id를 참조',
  `join_time` datetime DEFAULT current_timestamp() COMMENT '참가 시간',
  `finish_time` datetime DEFAULT NULL COMMENT '완주 시간(선택적)',
  `distance` decimal(10,2) DEFAULT NULL COMMENT '경쟁 중 이동 거리',
  `time_taken` int(11) DEFAULT NULL COMMENT '완주에 걸린 시간(초 단위)',
  `rank` int(11) DEFAULT NULL COMMENT '사용자의 순위',
  PRIMARY KEY (`participant_id`) USING BTREE,
  UNIQUE KEY `competition_id` (`competition_id`,`user_id`) USING BTREE,
  KEY `user_id` (`user_id`) USING BTREE,
  CONSTRAINT `competition_participants_ibfk_1` FOREIGN KEY (`competition_id`) REFERENCES `competitions` (`competition_id`),
  CONSTRAINT `competition_participants_ibfk_2` FOREIGN KEY (`user_id`) REFERENCES `users` (`user_id`)
) ENGINE=InnoDB AUTO_INCREMENT=84 COMMENT='운동경쟁(이벤트,대회)참가실적';

-- 테이블 데이터 pedometer.competition_participants:~83 rows (대략적) 내보내기
INSERT INTO `competition_participants` (`participant_id`, `competition_id`, `user_id`, `join_time`, `finish_time`, `distance`, `time_taken`, `rank`) VALUES
	(1, 1, 9, '2025-04-06 11:04:50', '2025-04-06 13:20:44', 31106.00, 5064, 82),
	(2, 7, 13, '2025-04-19 13:10:48', '2025-04-19 13:15:12', 20326.00, 12057, 37),
	(3, 19, 14, '2025-04-09 09:41:36', '2025-04-09 11:22:50', 19608.00, 8350, 66),
	(4, 2, 9, '2025-04-22 09:33:20', '2025-04-22 11:06:55', 10230.00, 12227, 53),
	(5, 11, 12, '2025-04-18 13:19:09', '2025-04-18 16:42:00', 7202.00, 13021, 29),
	(6, 4, 14, '2025-04-07 11:03:29', '2025-04-07 11:22:46', 13495.00, 7187, 78),
	(7, 11, 8, '2025-04-18 09:13:55', '2025-04-18 09:42:13', 12440.00, 3857, 43),
	(8, 2, 4, '2025-04-11 09:53:20', '2025-04-11 09:53:25', 7684.00, 8956, 34),
	(9, 8, 8, '2025-04-10 13:48:11', '2025-04-10 17:41:09', 26588.00, 4526, 22),
	(10, 10, 12, '2025-04-16 12:15:07', '2025-04-16 15:33:01', 31286.00, 7856, 24),
	(11, 18, 4, '2025-04-08 12:25:52', '2025-04-08 14:37:01', 31831.00, 7156, 73),
	(12, 10, 9, '2025-04-03 12:07:23', '2025-04-03 15:44:50', 26046.00, 5536, 65),
	(13, 14, 2, '2025-03-28 12:27:18', '2025-03-28 16:25:05', 27865.00, 6428, 82),
	(14, 1, 1, '2025-04-03 11:32:15', '2025-04-03 11:37:18', 16397.00, 4111, 98),
	(15, 12, 3, '2025-04-13 11:07:02', '2025-04-13 13:18:28', 5393.00, 8244, 28),
	(16, 14, 5, '2025-03-27 11:23:21', '2025-03-27 13:24:48', 21268.00, 8942, 73),
	(17, 20, 4, '2025-04-09 10:20:31', '2025-04-09 12:02:42', 21346.00, 11698, 95),
	(18, 10, 2, '2025-04-03 12:59:46', '2025-04-03 14:45:37', 19926.00, 8363, 64),
	(19, 11, 14, '2025-03-31 12:50:49', '2025-03-31 13:56:16', 27365.00, 7095, 30),
	(20, 5, 11, '2025-04-15 11:07:27', '2025-04-15 11:59:18', 30688.00, 4775, 75),
	(21, 4, 10, '2025-04-23 09:44:27', '2025-04-23 10:11:25', 11632.00, 13224, 78),
	(22, 16, 7, '2025-04-10 13:57:35', '2025-04-10 16:26:31', 25138.00, 12971, 28),
	(23, 20, 9, '2025-04-10 11:33:49', '2025-04-10 13:37:50', 10994.00, 9646, 30),
	(24, 17, 13, '2025-04-23 13:04:23', '2025-04-23 13:55:01', 5799.00, 9161, 59),
	(25, 11, 13, '2025-03-30 13:18:44', '2025-03-30 15:16:16', 10603.00, 9740, 37),
	(26, 9, 5, '2025-04-03 09:16:29', '2025-04-03 12:09:59', 21891.00, 13961, 94),
	(27, 3, 9, '2025-04-23 10:24:45', '2025-04-23 12:02:28', 11756.00, 3921, 52),
	(28, 7, 2, '2025-04-21 13:21:56', '2025-04-21 16:40:25', 19228.00, 5261, 35),
	(29, 4, 7, '2025-03-28 09:13:42', '2025-03-28 12:07:31', 29903.00, 8341, 54),
	(30, 12, 4, '2025-04-12 09:03:08', '2025-04-12 10:04:17', 23546.00, 10837, 43),
	(31, 18, 13, '2025-04-02 12:56:12', '2025-04-02 15:50:29', 29124.00, 6720, 81),
	(32, 17, 9, '2025-04-05 13:19:35', '2025-04-05 16:00:46', 23297.00, 7635, 87),
	(33, 11, 2, '2025-04-07 13:42:15', '2025-04-07 15:11:08', 27684.00, 4567, 95),
	(34, 8, 6, '2025-03-29 12:26:21', '2025-03-29 14:04:20', 27226.00, 13223, 99),
	(35, 17, 2, '2025-04-03 12:00:27', '2025-04-03 14:24:15', 14319.00, 13626, 69),
	(36, 6, 9, '2025-03-31 10:11:27', '2025-03-31 12:58:02', 11719.00, 5350, 25),
	(37, 7, 8, '2025-04-02 09:33:32', '2025-04-02 12:45:40', 26312.00, 9486, 48),
	(38, 19, 7, '2025-04-17 13:54:06', '2025-04-17 15:31:38', 24320.00, 7472, 72),
	(39, 4, 3, '2025-04-22 12:06:02', '2025-04-22 13:45:06', 15032.00, 10290, 99),
	(40, 9, 6, '2025-04-02 13:47:45', '2025-04-02 17:46:00', 23713.00, 8863, 48),
	(41, 6, 8, '2025-04-10 12:12:54', '2025-04-10 15:02:18', 23359.00, 6648, 50),
	(42, 1, 8, '2025-04-04 11:55:20', '2025-04-04 15:12:12', 19957.00, 6936, 91),
	(43, 18, 12, '2025-03-31 10:35:07', '2025-03-31 11:17:51', 18861.00, 3951, 70),
	(44, 13, 1, '2025-04-21 12:49:26', '2025-04-21 13:16:31', 28171.00, 13886, 35),
	(45, 15, 15, '2025-04-13 12:23:01', '2025-04-13 13:29:57', 13739.00, 12043, 95),
	(46, 19, 15, '2025-04-19 13:52:22', '2025-04-19 15:21:42', 16211.00, 13962, 64),
	(47, 11, 11, '2025-04-17 11:07:38', '2025-04-17 12:43:33', 18996.00, 7843, 53),
	(48, 6, 10, '2025-04-16 10:33:53', '2025-04-16 13:35:54', 24281.00, 6788, 47),
	(49, 18, 10, '2025-04-12 13:40:30', '2025-04-12 17:16:17', 19463.00, 14196, 44),
	(50, 12, 10, '2025-04-15 13:08:38', '2025-04-15 14:09:08', 10452.00, 6336, 73),
	(51, 16, 8, '2025-04-20 10:39:38', '2025-04-20 12:57:34', 27666.00, 8710, 88),
	(52, 9, 7, '2025-04-20 13:15:31', '2025-04-20 13:17:01', 25514.00, 12022, 70),
	(53, 5, 15, '2025-04-02 09:58:03', '2025-04-02 13:38:59', 16506.00, 7588, 65),
	(54, 16, 1, '2025-04-05 13:19:44', '2025-04-05 16:22:23', 8154.00, 6852, 32),
	(55, 7, 14, '2025-04-14 10:00:38', '2025-04-14 12:21:14', 16568.00, 7755, 71),
	(56, 14, 12, '2025-03-28 09:14:29', '2025-03-28 12:46:21', 26463.00, 7125, 40),
	(57, 12, 14, '2025-04-12 09:29:29', '2025-04-12 09:45:12', 25387.00, 9850, 70),
	(58, 14, 13, '2025-04-03 10:43:50', '2025-04-03 11:23:30', 11607.00, 11459, 93),
	(59, 7, 7, '2025-04-09 12:23:12', '2025-04-09 14:13:29', 23871.00, 4853, 59),
	(60, 8, 2, '2025-04-02 12:46:11', '2025-04-02 16:29:50', 10559.00, 6126, 64),
	(61, 3, 13, '2025-04-10 10:08:48', '2025-04-10 12:12:13', 10018.00, 7775, 50),
	(62, 8, 7, '2025-04-05 11:51:34', '2025-04-05 14:16:06', 5578.00, 6845, 55),
	(63, 12, 9, '2025-04-16 09:26:11', '2025-04-16 13:07:52', 30363.00, 13598, 85),
	(64, 11, 1, '2025-04-09 11:12:38', '2025-04-09 14:05:59', 11011.00, 13821, 25),
	(65, 13, 9, '2025-04-07 12:04:22', '2025-04-07 14:56:51', 19369.00, 9051, 95),
	(66, 20, 8, '2025-04-16 12:29:10', '2025-04-16 13:31:43', 15870.00, 6094, 96),
	(67, 1, 12, '2025-04-08 12:34:56', '2025-04-08 16:23:46', 8367.00, 11844, 55),
	(68, 5, 13, '2025-03-29 10:41:07', '2025-03-29 12:47:46', 10308.00, 7918, 53),
	(69, 2, 14, '2025-03-26 13:46:47', '2025-03-26 17:07:11', 27458.00, 10662, 82),
	(70, 3, 4, '2025-04-18 13:17:50', '2025-04-18 15:56:00', 21385.00, 4216, 57),
	(71, 20, 12, '2025-04-20 10:47:17', '2025-04-20 12:32:50', 30130.00, 7210, 91),
	(72, 19, 1, '2025-04-17 10:38:58', '2025-04-17 14:15:44', 24019.00, 12376, 96),
	(73, 14, 8, '2025-03-31 13:49:39', '2025-03-31 15:37:47', 31607.00, 9814, 94),
	(74, 6, 1, '2025-04-14 13:30:20', '2025-04-14 15:53:14', 30176.00, 13060, 67),
	(75, 2, 3, '2025-03-29 09:28:19', '2025-03-29 10:28:19', 19028.00, 12755, 75),
	(76, 20, 10, '2025-03-31 13:32:15', '2025-03-31 17:04:02', 19453.00, 3917, 63),
	(77, 16, 5, '2025-03-29 10:25:12', '2025-03-29 13:16:31', 30778.00, 10428, 44),
	(78, 2, 6, '2025-04-02 13:19:58', '2025-04-02 16:21:54', 26824.00, 11888, 53),
	(79, 15, 6, '2025-04-18 11:16:54', '2025-04-18 15:08:53', 23653.00, 9590, 76),
	(80, 19, 9, '2025-04-08 11:29:11', '2025-04-08 12:24:21', 5083.00, 7119, 70),
	(81, 13, 3, '2025-04-13 13:59:04', '2025-04-13 14:44:21', 5369.00, 9025, 58),
	(82, 13, 12, '2025-04-02 13:22:18', '2025-04-02 14:30:23', 5378.00, 5965, 24),
	(83, 10, 4, '2025-04-24 10:29:40', '2025-04-24 11:44:41', 22113.00, 6096, 40);

-- 테이블 pedometer.friends 구조 내보내기
DROP TABLE IF EXISTS `friends`;
CREATE TABLE IF NOT EXISTS `friends` (
  `friendship_id` int(11) NOT NULL AUTO_INCREMENT COMMENT '각 친구 관계를 고유하게 식별',
  `user_id1` int(11) NOT NULL COMMENT '첫 번째 사용자의 user_id',
  `user_id2` int(11) NOT NULL COMMENT '두 번째 사용자의 user_id',
  `status` enum('pending','accepted') DEFAULT NULL COMMENT '친구 요청 상태',
  `since_date` datetime DEFAULT current_timestamp() COMMENT '관계 생성 날짜',
  PRIMARY KEY (`friendship_id`) USING BTREE,
  UNIQUE KEY `user_id1` (`user_id1`,`user_id2`) USING BTREE,
  KEY `user_id2` (`user_id2`) USING BTREE,
  CONSTRAINT `friends_ibfk_1` FOREIGN KEY (`user_id1`) REFERENCES `users` (`user_id`),
  CONSTRAINT `friends_ibfk_2` FOREIGN KEY (`user_id2`) REFERENCES `users` (`user_id`)
) ENGINE=InnoDB AUTO_INCREMENT=31 COMMENT='사용자간 소셜연결정보';

-- 테이블 데이터 pedometer.friends:~29 rows (대략적) 내보내기
INSERT INTO `friends` (`friendship_id`, `user_id1`, `user_id2`, `status`, `since_date`) VALUES
	(1, 10, 9, 'pending', '2025-03-30 00:00:00'),
	(2, 13, 15, 'pending', '2025-04-03 00:00:00'),
	(3, 2, 11, 'pending', '2025-04-17 00:00:00'),
	(4, 2, 1, 'accepted', '2025-04-01 00:00:00'),
	(5, 7, 14, 'pending', '2025-04-17 00:00:00'),
	(6, 6, 14, 'pending', '2025-04-22 00:00:00'),
	(7, 11, 15, 'accepted', '2025-04-18 00:00:00'),
	(8, 15, 2, 'pending', '2025-03-26 00:00:00'),
	(9, 3, 1, 'accepted', '2025-04-15 00:00:00'),
	(10, 1, 7, 'pending', '2025-04-13 00:00:00'),
	(11, 13, 3, 'accepted', '2025-04-18 00:00:00'),
	(12, 10, 8, 'accepted', '2025-04-03 00:00:00'),
	(13, 2, 14, 'pending', '2025-04-02 00:00:00'),
	(14, 8, 2, 'accepted', '2025-04-12 00:00:00'),
	(15, 6, 12, 'pending', '2025-04-04 00:00:00'),
	(16, 15, 4, 'pending', '2025-03-30 00:00:00'),
	(17, 12, 14, 'pending', '2025-03-26 00:00:00'),
	(18, 15, 14, 'pending', '2025-04-24 00:00:00'),
	(19, 12, 2, 'pending', '2025-04-12 00:00:00'),
	(20, 1, 10, 'accepted', '2025-04-15 00:00:00'),
	(21, 6, 11, 'pending', '2025-04-15 00:00:00'),
	(22, 3, 14, 'pending', '2025-04-17 00:00:00'),
	(23, 10, 15, 'accepted', '2025-04-13 00:00:00'),
	(24, 1, 4, 'pending', '2025-04-05 00:00:00'),
	(25, 9, 1, 'accepted', '2025-04-01 00:00:00'),
	(26, 8, 12, 'pending', '2025-03-29 00:00:00'),
	(27, 11, 3, 'pending', '2025-04-02 00:00:00'),
	(28, 5, 13, 'pending', '2025-04-17 00:00:00'),
	(29, 1, 3, 'accepted', '2025-04-13 00:00:00');

-- 테이블 pedometer.goals 구조 내보내기
DROP TABLE IF EXISTS `goals`;
CREATE TABLE IF NOT EXISTS `goals` (
  `goal_id` int(11) NOT NULL AUTO_INCREMENT COMMENT '각 목표를 고유하게 식별',
  `user_id` int(11) NOT NULL COMMENT 'Users 테이블의 user_id를 참조',
  `goal_type` enum('daily_steps','weekly_distance','monthly_calories','other') DEFAULT NULL COMMENT '목표 유형',
  `target_value` decimal(10,2) DEFAULT NULL COMMENT '목표 값',
  `start_date` date DEFAULT NULL COMMENT '목표 시작 날짜',
  `end_date` date DEFAULT NULL COMMENT '목표 종료 날짜(선택적)',
  `achieved` tinyint(1) DEFAULT 0 COMMENT '목표 달성 여부(0:미달성, 1:달성)',
  PRIMARY KEY (`goal_id`) USING BTREE,
  KEY `user_id` (`user_id`) USING BTREE,
  CONSTRAINT `goals_ibfk_1` FOREIGN KEY (`user_id`) REFERENCES `users` (`user_id`)
) ENGINE=InnoDB AUTO_INCREMENT=91 COMMENT='사용자별 목표정보';

-- 테이블 데이터 pedometer.goals:~90 rows (대략적) 내보내기
INSERT INTO `goals` (`goal_id`, `user_id`, `goal_type`, `target_value`, `start_date`, `end_date`, `achieved`) VALUES
	(1, 14, 'daily_steps', 3000.00, '2025-03-28', '2025-04-23', 0),
	(2, 13, 'daily_steps', 3000.00, '2025-03-26', '2025-03-30', 0),
	(3, 1, 'daily_steps', 5000.00, '2025-04-20', '2025-05-17', 1),
	(4, 11, 'daily_steps', 10000.00, '2025-04-01', '2025-04-29', 0),
	(5, 11, 'daily_steps', 1000.00, '2025-04-10', '2025-05-07', 0),
	(6, 1, 'daily_steps', 3000.00, '2025-04-21', '2025-05-11', 1),
	(7, 3, 'daily_steps', 5000.00, '2025-04-22', '2025-05-02', 0),
	(8, 7, 'daily_steps', 10000.00, '2025-04-24', '2025-05-17', 1),
	(9, 6, 'daily_steps', 3000.00, '2025-03-29', '2025-04-12', 0),
	(10, 15, 'daily_steps', 3000.00, '2025-04-15', '2025-05-06', 0),
	(11, 6, 'daily_steps', 5000.00, '2025-03-27', '2025-04-13', 1),
	(12, 8, 'daily_steps', 1000.00, '2025-04-02', '2025-04-18', 0),
	(13, 8, 'daily_steps', 5000.00, '2025-03-28', '2025-03-31', 1),
	(14, 14, 'daily_steps', 5000.00, '2025-04-14', '2025-05-14', 0),
	(15, 9, 'daily_steps', 5000.00, '2025-04-24', '2025-05-19', 0),
	(16, 5, 'daily_steps', 1000.00, '2025-03-27', '2025-04-06', 0),
	(17, 11, 'daily_steps', 3000.00, '2025-04-01', '2025-04-23', 0),
	(18, 6, 'daily_steps', 5000.00, '2025-04-23', '2025-04-24', 0),
	(19, 13, 'daily_steps', 3000.00, '2025-03-30', '2025-04-17', 0),
	(20, 4, 'daily_steps', 1000.00, '2025-04-18', '2025-04-24', 0),
	(21, 6, 'daily_steps', 3000.00, '2025-04-12', '2025-05-01', 1),
	(22, 10, 'daily_steps', 10000.00, '2025-04-11', '2025-04-13', 1),
	(23, 15, 'daily_steps', 3000.00, '2025-04-22', '2025-05-22', 1),
	(24, 6, 'daily_steps', 10000.00, '2025-04-24', '2025-05-20', 0),
	(25, 9, 'daily_steps', 5000.00, '2025-03-30', '2025-04-04', 1),
	(26, 3, 'daily_steps', 1000.00, '2025-04-21', '2025-05-05', 0),
	(27, 10, 'daily_steps', 1000.00, '2025-04-20', '2025-04-29', 1),
	(28, 3, 'daily_steps', 10000.00, '2025-04-14', '2025-05-08', 1),
	(29, 15, 'daily_steps', 5000.00, '2025-04-16', '2025-04-23', 0),
	(30, 4, 'daily_steps', 3000.00, '2025-04-14', '2025-04-27', 0),
	(31, 1, 'weekly_distance', 20.00, '2025-04-19', '2025-05-02', 0),
	(32, 15, 'weekly_distance', 30.00, '2025-04-22', '2025-04-23', 0),
	(33, 1, 'weekly_distance', 40.00, '2025-04-01', '2025-04-05', 1),
	(34, 8, 'weekly_distance', 40.00, '2025-04-04', '2025-04-10', 1),
	(35, 3, 'weekly_distance', 40.00, '2025-04-22', '2025-04-29', 0),
	(36, 7, 'weekly_distance', 40.00, '2025-04-14', '2025-04-26', 0),
	(37, 9, 'weekly_distance', 10.00, '2025-04-10', '2025-04-12', 1),
	(38, 5, 'weekly_distance', 30.00, '2025-04-11', '2025-04-21', 1),
	(39, 1, 'weekly_distance', 10.00, '2025-04-02', '2025-04-05', 0),
	(40, 7, 'weekly_distance', 10.00, '2025-04-11', '2025-04-22', 0),
	(41, 2, 'weekly_distance', 30.00, '2025-03-28', '2025-04-05', 1),
	(42, 3, 'weekly_distance', 20.00, '2025-04-15', '2025-04-16', 1),
	(43, 5, 'weekly_distance', 20.00, '2025-03-31', '2025-04-07', 1),
	(44, 5, 'weekly_distance', 40.00, '2025-04-21', '2025-04-30', 1),
	(45, 7, 'weekly_distance', 40.00, '2025-04-19', '2025-04-24', 1),
	(46, 5, 'weekly_distance', 20.00, '2025-04-09', '2025-04-14', 0),
	(47, 3, 'weekly_distance', 30.00, '2025-04-22', '2025-05-02', 1),
	(48, 3, 'weekly_distance', 40.00, '2025-03-29', '2025-04-01', 1),
	(49, 7, 'weekly_distance', 40.00, '2025-04-20', '2025-05-03', 1),
	(50, 12, 'weekly_distance', 30.00, '2025-04-22', '2025-04-24', 1),
	(51, 14, 'monthly_calories', 15000.00, '2025-04-08', '2025-05-08', 1),
	(52, 10, 'monthly_calories', 15000.00, '2025-03-30', '2025-04-05', 0),
	(53, 10, 'monthly_calories', 5000.00, '2025-04-07', '2025-04-27', 1),
	(54, 5, 'monthly_calories', 15000.00, '2025-04-15', '2025-04-25', 0),
	(55, 10, 'monthly_calories', 15000.00, '2025-03-31', '2025-04-15', 0),
	(56, 12, 'monthly_calories', 5000.00, '2025-04-19', '2025-05-06', 0),
	(57, 10, 'monthly_calories', 15000.00, '2025-04-10', '2025-05-01', 1),
	(58, 2, 'monthly_calories', 10000.00, '2025-03-28', '2025-04-17', 1),
	(59, 3, 'monthly_calories', 20000.00, '2025-04-22', '2025-05-01', 1),
	(60, 14, 'monthly_calories', 10000.00, '2025-04-05', '2025-04-11', 0),
	(61, 13, 'monthly_calories', 10000.00, '2025-04-22', '2025-05-22', 1),
	(62, 14, 'monthly_calories', 10000.00, '2025-04-12', '2025-05-12', 1),
	(63, 8, 'monthly_calories', 20000.00, '2025-03-31', '2025-04-22', 0),
	(64, 4, 'monthly_calories', 10000.00, '2025-03-29', '2025-04-09', 0),
	(65, 6, 'monthly_calories', 15000.00, '2025-03-29', '2025-04-14', 1),
	(66, 1, 'monthly_calories', 5000.00, '2025-03-31', '2025-04-15', 1),
	(67, 1, 'monthly_calories', 15000.00, '2025-04-10', '2025-04-17', 1),
	(68, 2, 'monthly_calories', 15000.00, '2025-03-28', '2025-04-16', 1),
	(69, 10, 'monthly_calories', 20000.00, '2025-04-19', '2025-04-25', 0),
	(70, 9, 'monthly_calories', 5000.00, '2025-04-19', '2025-05-02', 0),
	(71, 7, 'monthly_calories', 10000.00, '2025-04-16', '2025-05-13', 0),
	(72, 14, 'monthly_calories', 5000.00, '2025-03-30', '2025-04-19', 1),
	(73, 14, 'monthly_calories', 10000.00, '2025-04-11', '2025-05-04', 1),
	(74, 6, 'monthly_calories', 5000.00, '2025-04-04', '2025-04-27', 0),
	(75, 6, 'monthly_calories', 15000.00, '2025-04-21', '2025-05-08', 1),
	(76, 5, 'monthly_calories', 5000.00, '2025-04-09', '2025-04-29', 1),
	(77, 15, 'monthly_calories', 10000.00, '2025-04-18', '2025-05-11', 1),
	(78, 6, 'monthly_calories', 10000.00, '2025-04-06', '2025-05-03', 1),
	(79, 12, 'monthly_calories', 5000.00, '2025-04-15', '2025-05-01', 0),
	(80, 12, 'monthly_calories', 15000.00, '2025-04-01', '2025-04-25', 0),
	(81, 13, 'monthly_calories', 5000.00, '2025-03-27', '2025-03-28', 1),
	(82, 11, 'monthly_calories', 5000.00, '2025-04-11', '2025-05-05', 1),
	(83, 4, 'monthly_calories', 20000.00, '2025-04-13', '2025-04-28', 1),
	(84, 9, 'monthly_calories', 15000.00, '2025-04-07', '2025-04-17', 1),
	(85, 13, 'monthly_calories', 5000.00, '2025-04-04', '2025-04-06', 0),
	(86, 7, 'monthly_calories', 20000.00, '2025-04-03', '2025-04-29', 1),
	(87, 6, 'monthly_calories', 5000.00, '2025-04-10', '2025-05-06', 1),
	(88, 6, 'monthly_calories', 5000.00, '2025-04-17', '2025-04-19', 0),
	(89, 4, 'monthly_calories', 15000.00, '2025-04-01', '2025-04-19', 0),
	(90, 8, 'monthly_calories', 15000.00, '2025-04-20', '2025-05-13', 0);

-- 테이블 pedometer.step_tracking 구조 내보내기
DROP TABLE IF EXISTS `step_tracking`;
CREATE TABLE IF NOT EXISTS `step_tracking` (
  `tracking_id` int(11) NOT NULL AUTO_INCREMENT COMMENT '각 레코드를 고유하게 식별',
  `user_id` int(11) NOT NULL COMMENT 'Users 테이블의 user_id를 참조',
  `date` date NOT NULL COMMENT '데이터가 기록된 날짜',
  `total_steps` int(11) DEFAULT NULL COMMENT '해당 날짜의 총 걸음 수',
  `active_minutes` int(11) DEFAULT NULL COMMENT '활동적인 시간(분 단위)',
  `calories_burned` decimal(6,2) DEFAULT NULL COMMENT '소모된 칼로리량',
  PRIMARY KEY (`tracking_id`) USING BTREE,
  UNIQUE KEY `user_id` (`user_id`,`date`) USING BTREE,
  CONSTRAINT `step_tracking_ibfk_1` FOREIGN KEY (`user_id`) REFERENCES `users` (`user_id`)
) ENGINE=InnoDB AUTO_INCREMENT=408 COMMENT='사용자 일일걸음수실적 ';

-- 테이블 데이터 pedometer.step_tracking:~406 rows (대략적) 내보내기
INSERT INTO `step_tracking` (`tracking_id`, `user_id`, `date`, `total_steps`, `active_minutes`, `calories_burned`) VALUES
	(1, 4, '2025-04-12', 5799, 28, 253.60),
	(2, 7, '2025-04-20', 5381, 42, 427.10),
	(3, 15, '2025-04-08', 4746, 75, 104.10),
	(4, 3, '2025-04-13', 6680, 25, 286.10),
	(5, 1, '2025-04-18', 4201, 35, 154.10),
	(6, 6, '2025-04-23', 7262, 59, 431.90),
	(7, 11, '2025-04-05', 5056, 59, 292.90),
	(8, 13, '2025-04-23', 7630, 36, 366.70),
	(9, 14, '2025-04-15', 4660, 77, 178.20),
	(10, 1, '2025-04-11', 7539, 66, 161.10),
	(11, 6, '2025-04-12', 5318, 59, 212.00),
	(12, 10, '2025-04-03', 5027, 73, 356.40),
	(13, 8, '2025-04-15', 5632, 72, 137.70),
	(14, 5, '2025-04-09', 7308, 61, 476.50),
	(15, 2, '2025-04-03', 4210, 25, 203.70),
	(16, 11, '2025-04-24', 7427, 67, 237.70),
	(17, 12, '2025-03-27', 5001, 49, 361.70),
	(18, 5, '2025-04-02', 4458, 75, 188.20),
	(19, 9, '2025-03-30', 4091, 52, 335.20),
	(20, 10, '2025-04-20', 7354, 51, 142.90),
	(21, 12, '2025-04-17', 7365, 23, 395.70),
	(22, 12, '2025-04-01', 6534, 53, 449.20),
	(23, 2, '2025-04-19', 6378, 62, 383.30),
	(24, 7, '2025-04-07', 5893, 68, 324.70),
	(25, 13, '2025-04-10', 5644, 39, 245.90),
	(26, 5, '2025-04-03', 4394, 56, 389.90),
	(27, 14, '2025-04-22', 4618, 66, 227.30),
	(28, 3, '2025-04-16', 6477, 63, 399.60),
	(29, 1, '2025-04-19', 4043, 38, 297.40),
	(30, 12, '2025-04-21', 7260, 25, 498.70),
	(31, 8, '2025-04-21', 6348, 76, 434.40),
	(32, 12, '2025-04-19', 6643, 23, 230.70),
	(33, 5, '2025-04-06', 5854, 40, 218.10),
	(34, 14, '2025-04-05', 7719, 71, 263.70),
	(35, 15, '2025-04-15', 7753, 58, 235.60),
	(36, 15, '2025-04-02', 5011, 33, 233.70),
	(37, 11, '2025-04-02', 7616, 56, 209.40),
	(38, 9, '2025-04-09', 6957, 46, 499.10),
	(39, 10, '2025-04-11', 6229, 42, 152.90),
	(40, 5, '2025-04-04', 4997, 56, 199.60),
	(41, 8, '2025-04-20', 5100, 49, 339.60),
	(42, 13, '2025-04-02', 7277, 60, 456.40),
	(43, 13, '2025-04-15', 6208, 38, 437.90),
	(44, 9, '2025-04-16', 7302, 32, 304.30),
	(45, 4, '2025-04-06', 7784, 28, 435.00),
	(46, 15, '2025-04-18', 6545, 65, 423.40),
	(47, 14, '2025-04-17', 6247, 30, 159.40),
	(48, 5, '2025-04-05', 4502, 80, 334.30),
	(49, 4, '2025-04-08', 5971, 44, 314.40),
	(50, 14, '2025-04-01', 6375, 67, 145.60),
	(51, 14, '2025-04-14', 7122, 57, 386.40),
	(52, 13, '2025-04-12', 7379, 43, 258.90),
	(53, 7, '2025-04-22', 7233, 35, 433.10),
	(54, 10, '2025-04-24', 4210, 62, 239.30),
	(55, 13, '2025-04-09', 7226, 74, 119.70),
	(56, 14, '2025-04-04', 7075, 57, 402.60),
	(57, 14, '2025-03-28', 5970, 69, 320.20),
	(58, 9, '2025-03-27', 5503, 55, 425.50),
	(59, 9, '2025-04-19', 5112, 34, 239.30),
	(60, 11, '2025-04-22', 7025, 59, 481.60),
	(61, 14, '2025-04-25', 5008, 26, 417.50),
	(62, 10, '2025-04-07', 6191, 25, 409.50),
	(63, 1, '2025-04-21', 6772, 78, 383.30),
	(64, 4, '2025-03-31', 6321, 59, 312.70),
	(65, 6, '2025-04-02', 4077, 41, 397.60),
	(66, 15, '2025-04-12', 7557, 47, 319.70),
	(67, 6, '2025-04-01', 5233, 36, 285.50),
	(68, 9, '2025-04-02', 7159, 68, 346.80),
	(69, 11, '2025-04-25', 6359, 75, 426.60),
	(70, 11, '2025-03-27', 7375, 23, 415.90),
	(71, 12, '2025-03-29', 5796, 29, 264.90),
	(72, 6, '2025-04-18', 6049, 26, 107.10),
	(73, 8, '2025-04-09', 7238, 68, 330.30),
	(74, 4, '2025-04-22', 5312, 60, 246.20),
	(75, 8, '2025-03-30', 5799, 21, 423.70),
	(76, 7, '2025-04-19', 4096, 64, 337.00),
	(77, 9, '2025-04-10', 4180, 28, 310.40),
	(78, 7, '2025-03-28', 5938, 36, 451.20),
	(79, 10, '2025-04-18', 5027, 57, 226.60),
	(80, 3, '2025-04-17', 6888, 51, 255.50),
	(81, 1, '2025-04-24', 5969, 71, 408.60),
	(82, 2, '2025-04-01', 7625, 29, 111.10),
	(83, 10, '2025-04-25', 4546, 26, 157.40),
	(84, 7, '2025-04-08', 5420, 35, 178.90),
	(85, 12, '2025-03-30', 5000, 62, 379.30),
	(86, 6, '2025-04-05', 7287, 80, 286.00),
	(87, 2, '2025-04-02', 7544, 30, 186.80),
	(88, 1, '2025-04-01', 4114, 80, 453.50),
	(89, 12, '2025-04-03', 6921, 68, 414.10),
	(90, 1, '2025-04-14', 4157, 27, 311.60),
	(91, 12, '2025-04-04', 4153, 52, 333.80),
	(92, 3, '2025-03-29', 4167, 78, 363.80),
	(93, 5, '2025-04-14', 6503, 24, 309.50),
	(94, 10, '2025-04-19', 4677, 50, 495.00),
	(95, 3, '2025-03-31', 4935, 54, 142.90),
	(96, 14, '2025-03-27', 4960, 30, 158.20),
	(97, 7, '2025-04-04', 6388, 24, 326.50),
	(98, 14, '2025-04-07', 7575, 57, 245.00),
	(99, 6, '2025-03-28', 4902, 74, 410.90),
	(100, 15, '2025-03-28', 6089, 39, 109.00),
	(101, 11, '2025-03-30', 7959, 33, 155.60),
	(102, 11, '2025-04-09', 5596, 32, 416.70),
	(103, 2, '2025-04-24', 5656, 50, 192.40),
	(104, 5, '2025-04-08', 4118, 70, 109.20),
	(105, 7, '2025-03-31', 4182, 67, 402.00),
	(106, 5, '2025-04-11', 6131, 30, 193.90),
	(107, 3, '2025-04-05', 6574, 50, 331.60),
	(108, 6, '2025-03-30', 5039, 66, 105.70),
	(109, 3, '2025-04-11', 4502, 40, 208.80),
	(110, 2, '2025-04-05', 7052, 62, 181.70),
	(111, 9, '2025-04-25', 6080, 31, 267.70),
	(112, 7, '2025-04-17', 4105, 66, 378.20),
	(113, 1, '2025-04-20', 7450, 32, 286.50),
	(114, 3, '2025-04-10', 4660, 28, 194.50),
	(115, 10, '2025-04-21', 4467, 43, 327.80),
	(116, 2, '2025-04-16', 4209, 55, 402.90),
	(117, 11, '2025-04-20', 4319, 45, 432.80),
	(118, 9, '2025-03-31', 4787, 73, 434.80),
	(119, 9, '2025-04-01', 5075, 73, 323.30),
	(120, 7, '2025-04-11', 6057, 70, 345.30),
	(121, 8, '2025-03-28', 4632, 34, 373.10),
	(122, 13, '2025-04-11', 5734, 67, 343.20),
	(123, 10, '2025-04-06', 4330, 65, 304.10),
	(124, 7, '2025-04-03', 5464, 27, 301.80),
	(125, 5, '2025-03-31', 4348, 26, 215.80),
	(126, 12, '2025-03-28', 6148, 43, 242.70),
	(127, 15, '2025-04-17', 7759, 53, 470.10),
	(128, 8, '2025-04-10', 5227, 52, 399.70),
	(129, 1, '2025-04-04', 6016, 74, 492.80),
	(130, 8, '2025-04-22', 4532, 64, 200.20),
	(131, 11, '2025-04-16', 7146, 39, 195.50),
	(132, 4, '2025-04-17', 5051, 75, 419.10),
	(133, 6, '2025-04-06', 7287, 77, 189.00),
	(134, 4, '2025-04-03', 7786, 74, 359.60),
	(135, 13, '2025-04-03', 6121, 57, 309.50),
	(136, 9, '2025-04-11', 5850, 51, 193.50),
	(137, 7, '2025-04-18', 4333, 55, 379.10),
	(138, 8, '2025-04-01', 4038, 33, 124.70),
	(139, 7, '2025-03-27', 7991, 49, 283.70),
	(140, 10, '2025-04-23', 7365, 43, 248.90),
	(141, 5, '2025-04-13', 7630, 67, 178.10),
	(142, 4, '2025-04-10', 7307, 50, 111.80),
	(143, 9, '2025-04-23', 7803, 47, 248.00),
	(144, 1, '2025-03-30', 7525, 61, 395.50),
	(145, 5, '2025-04-23', 7783, 25, 357.80),
	(146, 13, '2025-04-05', 7426, 42, 193.80),
	(147, 11, '2025-03-28', 5852, 49, 105.30),
	(148, 8, '2025-04-03', 7617, 47, 330.00),
	(149, 12, '2025-03-31', 7708, 60, 317.10),
	(150, 4, '2025-04-14', 7956, 60, 256.10),
	(151, 2, '2025-04-21', 4512, 70, 414.40),
	(152, 1, '2025-04-25', 5734, 29, 294.00),
	(153, 12, '2025-04-07', 6189, 27, 475.40),
	(154, 7, '2025-04-24', 6055, 22, 379.70),
	(155, 12, '2025-04-15', 5327, 43, 488.10),
	(156, 2, '2025-04-07', 6142, 20, 269.30),
	(157, 15, '2025-04-22', 6568, 80, 123.10),
	(158, 8, '2025-04-07', 5490, 64, 317.10),
	(159, 3, '2025-04-02', 4693, 36, 448.40),
	(160, 7, '2025-04-16', 4051, 46, 155.00),
	(161, 4, '2025-04-20', 4041, 26, 311.10),
	(162, 14, '2025-04-13', 6797, 55, 422.10),
	(163, 13, '2025-04-22', 5178, 35, 256.90),
	(164, 6, '2025-04-16', 7021, 49, 144.70),
	(165, 13, '2025-03-27', 4692, 20, 316.30),
	(166, 12, '2025-04-14', 7221, 27, 168.10),
	(167, 10, '2025-04-04', 7110, 21, 427.00),
	(168, 13, '2025-04-13', 6566, 23, 253.30),
	(169, 4, '2025-04-09', 7637, 70, 272.50),
	(170, 7, '2025-04-12', 5454, 41, 370.70),
	(171, 10, '2025-04-12', 4522, 50, 145.90),
	(172, 14, '2025-04-08', 6967, 41, 307.50),
	(173, 13, '2025-04-16', 7640, 20, 230.00),
	(174, 2, '2025-03-28', 5371, 34, 169.10),
	(175, 6, '2025-04-22', 6468, 31, 152.60),
	(176, 4, '2025-04-04', 7148, 38, 176.80),
	(177, 3, '2025-04-12', 5223, 25, 300.50),
	(178, 10, '2025-04-02', 4149, 52, 327.10),
	(179, 7, '2025-04-25', 4854, 78, 157.50),
	(180, 11, '2025-04-07', 4144, 60, 182.20),
	(181, 11, '2025-04-10', 4532, 44, 330.00),
	(182, 15, '2025-03-31', 4451, 31, 348.50),
	(183, 1, '2025-04-08', 5397, 78, 402.90),
	(184, 9, '2025-04-08', 5127, 70, 206.60),
	(185, 12, '2025-04-09', 6158, 65, 130.30),
	(186, 11, '2025-03-29', 5573, 80, 427.40),
	(187, 9, '2025-04-14', 4032, 45, 141.70),
	(188, 4, '2025-04-25', 7141, 34, 424.30),
	(189, 12, '2025-04-25', 4878, 67, 194.90),
	(190, 5, '2025-03-27', 4030, 38, 289.90),
	(191, 1, '2025-04-10', 6303, 43, 189.40),
	(192, 1, '2025-04-16', 5632, 65, 313.80),
	(193, 4, '2025-03-29', 7617, 59, 299.80),
	(194, 4, '2025-04-11', 4264, 40, 283.00),
	(195, 9, '2025-04-07', 4589, 77, 222.50),
	(196, 5, '2025-03-29', 4039, 65, 386.40),
	(197, 15, '2025-04-03', 6831, 48, 195.20),
	(198, 8, '2025-04-06', 7262, 75, 145.30),
	(199, 10, '2025-03-27', 6000, 41, 192.60),
	(200, 8, '2025-04-24', 4938, 63, 459.30),
	(201, 12, '2025-04-20', 5008, 49, 365.70),
	(202, 2, '2025-03-31', 6244, 79, 163.10),
	(203, 1, '2025-04-06', 6974, 75, 243.90),
	(204, 3, '2025-04-14', 5982, 24, 452.40),
	(205, 1, '2025-03-29', 4767, 47, 363.10),
	(206, 10, '2025-04-10', 5779, 38, 157.10),
	(207, 14, '2025-04-02', 5302, 52, 379.00),
	(208, 12, '2025-04-16', 6509, 76, 403.00),
	(209, 4, '2025-04-19', 7164, 57, 380.60),
	(210, 6, '2025-04-20', 6722, 46, 137.80),
	(211, 1, '2025-04-05', 6382, 37, 344.10),
	(212, 4, '2025-04-23', 7710, 23, 289.70),
	(213, 15, '2025-04-05', 7025, 52, 254.50),
	(214, 15, '2025-04-19', 5893, 39, 176.40),
	(215, 3, '2025-03-28', 6815, 41, 359.60),
	(216, 12, '2025-04-11', 5701, 74, 189.40),
	(217, 12, '2025-04-08', 6651, 24, 247.70),
	(218, 15, '2025-04-24', 6033, 40, 171.30),
	(219, 10, '2025-03-30', 4835, 60, 377.90),
	(220, 7, '2025-04-10', 5283, 78, 430.00),
	(221, 14, '2025-04-10', 6679, 56, 105.80),
	(222, 12, '2025-04-22', 6550, 55, 102.90),
	(223, 15, '2025-04-23', 6242, 61, 394.50),
	(224, 6, '2025-03-31', 5173, 30, 494.30),
	(225, 14, '2025-04-20', 5691, 38, 188.00),
	(226, 14, '2025-04-11', 7175, 27, 206.60),
	(227, 15, '2025-03-29', 6964, 60, 127.60),
	(228, 3, '2025-04-03', 7846, 58, 201.10),
	(229, 3, '2025-04-09', 4743, 62, 465.30),
	(230, 9, '2025-04-05', 4758, 51, 103.20),
	(231, 1, '2025-03-28', 7832, 48, 286.30),
	(232, 13, '2025-04-24', 7754, 47, 278.80),
	(233, 2, '2025-04-22', 6368, 38, 400.40),
	(234, 2, '2025-04-17', 5515, 49, 203.20),
	(235, 13, '2025-04-14', 7538, 52, 499.00),
	(236, 10, '2025-04-13', 5056, 77, 465.80),
	(237, 4, '2025-04-05', 5897, 64, 190.10),
	(238, 7, '2025-03-30', 4819, 49, 428.50),
	(239, 10, '2025-04-14', 7697, 66, 114.60),
	(240, 6, '2025-03-27', 7785, 39, 407.80),
	(241, 9, '2025-04-04', 6969, 34, 483.10),
	(242, 11, '2025-04-06', 4322, 80, 381.40),
	(243, 13, '2025-04-25', 4363, 51, 233.50),
	(244, 4, '2025-04-21', 4119, 56, 454.10),
	(245, 1, '2025-04-02', 4015, 28, 386.10),
	(246, 6, '2025-04-15', 4259, 58, 100.30),
	(247, 11, '2025-04-11', 6447, 57, 195.90),
	(248, 3, '2025-04-19', 6743, 27, 323.80),
	(249, 7, '2025-04-23', 7644, 37, 369.90),
	(250, 11, '2025-04-08', 4406, 61, 127.70),
	(251, 10, '2025-04-08', 6591, 56, 126.50),
	(252, 6, '2025-04-04', 6181, 66, 162.70),
	(253, 8, '2025-04-12', 5890, 55, 295.50),
	(254, 9, '2025-04-13', 6159, 58, 304.80),
	(255, 1, '2025-04-09', 5923, 45, 375.30),
	(256, 5, '2025-04-12', 4778, 74, 439.80),
	(257, 1, '2025-03-27', 4118, 42, 394.50),
	(258, 4, '2025-03-28', 4724, 78, 200.80),
	(259, 5, '2025-03-30', 4018, 69, 108.80),
	(260, 14, '2025-04-09', 6543, 78, 472.10),
	(261, 10, '2025-04-22', 4681, 34, 374.70),
	(262, 11, '2025-04-12', 7308, 22, 397.00),
	(263, 8, '2025-03-31', 5639, 50, 193.30),
	(264, 10, '2025-04-15', 4593, 54, 255.40),
	(265, 4, '2025-04-13', 7337, 58, 359.40),
	(266, 13, '2025-03-30', 4080, 75, 303.80),
	(267, 13, '2025-04-19', 5817, 75, 180.90),
	(268, 9, '2025-04-22', 4522, 20, 366.50),
	(269, 2, '2025-04-18', 4081, 79, 436.50),
	(270, 8, '2025-04-11', 7308, 39, 151.70),
	(271, 2, '2025-04-06', 4182, 60, 189.20),
	(272, 4, '2025-04-01', 7944, 79, 471.90),
	(273, 8, '2025-04-23', 7897, 78, 452.10),
	(274, 2, '2025-04-23', 6988, 76, 267.30),
	(275, 4, '2025-04-07', 6666, 49, 279.20),
	(276, 5, '2025-04-15', 5377, 57, 118.60),
	(277, 10, '2025-03-28', 7736, 59, 279.30),
	(278, 3, '2025-04-21', 7686, 21, 245.50),
	(279, 1, '2025-04-07', 4424, 59, 474.00),
	(280, 14, '2025-04-06', 4057, 40, 339.20),
	(281, 4, '2025-03-30', 6928, 47, 118.60),
	(282, 13, '2025-03-29', 5861, 25, 132.60),
	(283, 11, '2025-04-18', 5552, 40, 319.90),
	(284, 6, '2025-04-09', 7346, 79, 243.50),
	(285, 13, '2025-04-01', 5444, 36, 220.10),
	(286, 7, '2025-04-14', 6298, 71, 313.30),
	(287, 7, '2025-04-06', 7438, 33, 321.30),
	(288, 2, '2025-04-25', 5840, 57, 393.30),
	(289, 11, '2025-03-31', 4720, 63, 115.40),
	(290, 11, '2025-04-13', 5551, 24, 185.10),
	(291, 2, '2025-04-09', 5565, 60, 143.50),
	(292, 3, '2025-04-23', 6341, 39, 438.70),
	(293, 3, '2025-04-18', 6982, 72, 140.70),
	(294, 3, '2025-04-01', 6380, 25, 354.20),
	(295, 6, '2025-04-14', 4918, 30, 170.20),
	(296, 4, '2025-04-16', 7712, 30, 125.40),
	(297, 12, '2025-04-06', 4026, 44, 483.60),
	(298, 5, '2025-04-19', 5056, 31, 174.90),
	(299, 3, '2025-04-15', 5535, 76, 296.50),
	(300, 12, '2025-04-23', 5412, 44, 478.40),
	(301, 15, '2025-04-09', 5431, 66, 382.10),
	(302, 12, '2025-04-05', 4387, 57, 414.10),
	(303, 9, '2025-04-03', 4940, 34, 303.90),
	(304, 15, '2025-04-13', 5880, 78, 267.70),
	(305, 9, '2025-03-29', 5209, 78, 440.10),
	(306, 14, '2025-04-23', 6260, 67, 185.10),
	(307, 5, '2025-04-16', 5942, 49, 493.70),
	(308, 5, '2025-04-10', 6473, 51, 391.50),
	(309, 4, '2025-04-02', 6746, 75, 283.20),
	(310, 11, '2025-04-23', 6432, 56, 157.50),
	(311, 8, '2025-03-29', 5656, 72, 124.70),
	(312, 2, '2025-04-04', 6760, 31, 454.00),
	(313, 14, '2025-03-31', 5527, 47, 129.60),
	(314, 12, '2025-04-24', 4395, 77, 266.70),
	(315, 15, '2025-04-11', 5089, 34, 232.70),
	(316, 9, '2025-04-20', 5078, 50, 379.80),
	(317, 7, '2025-03-29', 4707, 26, 497.10),
	(318, 13, '2025-04-21', 4074, 54, 424.60),
	(319, 15, '2025-03-27', 7528, 78, 167.60),
	(320, 12, '2025-04-13', 7820, 25, 343.60),
	(321, 8, '2025-04-16', 5080, 35, 293.40),
	(322, 10, '2025-04-17', 6998, 71, 480.90),
	(323, 2, '2025-03-30', 6567, 77, 411.80),
	(324, 9, '2025-03-28', 7745, 22, 252.00),
	(325, 15, '2025-04-06', 6092, 69, 310.00),
	(326, 6, '2025-04-21', 7635, 57, 243.60),
	(327, 5, '2025-04-20', 6898, 59, 125.80),
	(328, 15, '2025-04-25', 7202, 72, 463.50),
	(329, 9, '2025-04-06', 4824, 56, 247.40),
	(330, 14, '2025-04-16', 6182, 77, 133.30),
	(331, 13, '2025-04-17', 6115, 42, 209.10),
	(332, 6, '2025-04-24', 4911, 66, 157.30),
	(333, 12, '2025-04-10', 7385, 68, 278.70),
	(334, 11, '2025-04-14', 4537, 36, 489.20),
	(335, 11, '2025-04-19', 7970, 49, 269.90),
	(336, 2, '2025-04-14', 4751, 43, 232.20),
	(337, 1, '2025-04-23', 4770, 69, 287.90),
	(338, 7, '2025-04-05', 4810, 34, 339.50),
	(339, 4, '2025-03-27', 7802, 33, 204.80),
	(340, 3, '2025-04-25', 5144, 55, 123.60),
	(341, 2, '2025-04-13', 5360, 29, 411.70),
	(342, 7, '2025-04-01', 7520, 38, 443.50),
	(343, 2, '2025-04-12', 6291, 33, 254.30),
	(344, 14, '2025-04-18', 4185, 77, 331.80),
	(345, 11, '2025-04-17', 4608, 58, 391.80),
	(346, 6, '2025-04-19', 6225, 57, 274.60),
	(347, 13, '2025-04-20', 5021, 44, 186.20),
	(348, 6, '2025-04-03', 7798, 24, 294.20),
	(349, 13, '2025-04-08', 4355, 27, 224.10),
	(350, 3, '2025-04-20', 6623, 61, 287.20),
	(351, 15, '2025-04-04', 7558, 45, 257.60),
	(352, 5, '2025-04-18', 7872, 22, 207.80),
	(353, 5, '2025-04-22', 5739, 35, 102.40),
	(354, 4, '2025-04-15', 5079, 33, 233.10),
	(355, 8, '2025-04-13', 7042, 53, 299.30),
	(356, 5, '2025-04-01', 4810, 64, 124.40),
	(357, 6, '2025-04-10', 7398, 55, 259.60),
	(358, 4, '2025-04-18', 5246, 76, 372.90),
	(359, 7, '2025-04-02', 4771, 35, 387.10),
	(360, 13, '2025-04-18', 6570, 76, 381.30),
	(361, 6, '2025-04-07', 5600, 73, 185.80),
	(362, 5, '2025-03-28', 4259, 42, 350.80),
	(363, 11, '2025-04-03', 4355, 34, 454.70),
	(364, 3, '2025-04-06', 4607, 61, 469.90),
	(365, 14, '2025-04-12', 7888, 73, 298.40),
	(366, 12, '2025-04-12', 6389, 55, 142.10),
	(367, 9, '2025-04-18', 5447, 63, 289.50),
	(368, 1, '2025-04-13', 4450, 46, 425.50),
	(369, 5, '2025-04-21', 7303, 29, 211.10),
	(370, 10, '2025-03-29', 4432, 32, 392.50),
	(371, 10, '2025-03-31', 7062, 69, 401.00),
	(372, 8, '2025-04-18', 5730, 66, 322.30),
	(373, 11, '2025-04-15', 5081, 38, 385.00),
	(374, 9, '2025-04-17', 6093, 54, 216.80),
	(375, 7, '2025-04-13', 4059, 67, 447.50),
	(376, 8, '2025-04-19', 6004, 28, 187.90),
	(377, 8, '2025-04-17', 7375, 51, 122.20),
	(378, 6, '2025-04-13', 5967, 33, 360.50),
	(379, 14, '2025-04-19', 6685, 51, 343.20),
	(380, 15, '2025-04-20', 4405, 36, 107.80),
	(381, 11, '2025-04-01', 5732, 63, 204.40),
	(382, 9, '2025-04-21', 5413, 68, 457.40),
	(383, 1, '2025-04-22', 4009, 62, 277.50),
	(384, 13, '2025-04-07', 5739, 47, 464.80),
	(385, 8, '2025-04-08', 7274, 43, 274.60),
	(386, 1, '2025-03-31', 6251, 56, 213.90),
	(387, 14, '2025-03-29', 6825, 73, 222.30),
	(388, 8, '2025-04-25', 4413, 49, 138.30),
	(389, 8, '2025-04-14', 6665, 73, 257.40),
	(390, 3, '2025-04-24', 7737, 39, 410.50),
	(391, 13, '2025-04-04', 4024, 71, 190.40),
	(392, 6, '2025-03-29', 5817, 20, 374.00),
	(393, 15, '2025-04-21', 6819, 43, 417.30),
	(394, 15, '2025-04-07', 6159, 48, 399.60),
	(395, 15, '2025-04-10', 7270, 20, 334.20),
	(396, 2, '2025-04-11', 6855, 62, 232.50),
	(397, 2, '2025-04-08', 5765, 70, 432.00),
	(398, 6, '2025-04-11', 5096, 53, 463.10),
	(399, 13, '2025-03-31', 5769, 78, 272.20),
	(400, 2, '2025-04-10', 4282, 28, 306.20),
	(401, 5, '2025-04-25', 4614, 25, 109.80),
	(402, 9, '2025-04-15', 5429, 77, 367.00),
	(403, 13, '2025-03-28', 6765, 42, 404.00),
	(404, 6, '2025-04-08', 5570, 53, 317.00),
	(405, 8, '2025-03-27', 6086, 42, 223.10),
	(406, 4, '2025-04-24', 6104, 66, 178.40);

-- 테이블 pedometer.training_plans 구조 내보내기
DROP TABLE IF EXISTS `training_plans`;
CREATE TABLE IF NOT EXISTS `training_plans` (
  `plan_id` int(11) NOT NULL AUTO_INCREMENT COMMENT '각 훈련 계획을 고유하게 식별',
  `plan_name` varchar(100) NOT NULL COMMENT '계획 이름',
  `description` text DEFAULT NULL COMMENT '계획 설명',
  `duration_days` int(11) DEFAULT NULL COMMENT '계획 기간(일 수)',
  `type` enum('beginner','interval','everyday','custom') DEFAULT NULL COMMENT '계획 유형',
  PRIMARY KEY (`plan_id`) USING BTREE
) ENGINE=InnoDB AUTO_INCREMENT=6 COMMENT='사전정의 훈련프로그램정보';

-- 테이블 데이터 pedometer.training_plans:~5 rows (대략적) 내보내기
INSERT INTO `training_plans` (`plan_id`, `plan_name`, `description`, `duration_days`, `type`) VALUES
	(1, '초보자 달리기', '신규 러너를 위한', 24, 'beginner'),
	(2, '간격 훈련', '속도 향상을 위한', 6, 'interval'),
	(3, '매일 30분', '매일 짧은 달리기', NULL, 'everyday'),
	(4, '등산 챌린지', '등산객을 위한', 14, 'custom'),
	(5, '계단 오르기', '빌딩 정복', 30, 'custom');

-- 테이블 pedometer.users 구조 내보내기
DROP TABLE IF EXISTS `users`;
CREATE TABLE IF NOT EXISTS `users` (
  `user_id` int(11) NOT NULL AUTO_INCREMENT COMMENT '각 사용자를 고유하게 식별하는 번호',
  `username` varchar(50) NOT NULL COMMENT '로그인에 사용되는 고유 이름',
  `email` varchar(100) NOT NULL COMMENT '계정 확인 및 알림에 사용되는 이메일 주소',
  `password_hash` varchar(255) NOT NULL COMMENT '비밀번호의 해시된 형태, 보안 유지',
  `name` varchar(100) DEFAULT NULL COMMENT '사용자의 전체 이름 또는 표시 이름',
  `age` int(11) DEFAULT NULL COMMENT '사용자의 나이, 피트니스 추천에 사용',
  `weight` decimal(5,2) DEFAULT NULL COMMENT '현재 체중, 칼로리 계산에 필수',
  `height` decimal(5,2) DEFAULT NULL COMMENT '키, BMI 계산 및 운동 추적에 사용',
  `gender` enum('M','F','O') DEFAULT NULL COMMENT '성별, 피트니스 조언에 영향',
  `registration_date` date DEFAULT current_timestamp() COMMENT '계정 생성 날짜, 분석 및 알림에 사용',
  `last_login` datetime DEFAULT NULL COMMENT '마지막 로그인 시간, 활동 추적에 사용',
  PRIMARY KEY (`user_id`) USING BTREE,
  UNIQUE KEY `username` (`username`) USING BTREE,
  UNIQUE KEY `email` (`email`) USING BTREE
) ENGINE=InnoDB AUTO_INCREMENT=16 COMMENT='사용자정보';

-- 테이블 데이터 pedometer.users:~15 rows (대략적) 내보내기
INSERT INTO `users` (`user_id`, `username`, `email`, `password_hash`, `name`, `age`, `weight`, `height`, `gender`, `registration_date`, `last_login`) VALUES
	(1, 'starcore9808', 'starcore9808@secret-area.org', '9c547cbf6d439309e71170115c2a909a38731f56ffcd30ac5d218338278bfe9b', '다원편', 46, 68.00, 200.00, 'F', '2025-04-18', '2025-04-22 21:13:24'),
	(2, 'crystalcave6971', 'crystalcave6971@behind-the-firewall.guru', '670f7eb7edb56691da94fdbe6766c4338c2d47cb7f6aedeae9bc77d141b5993d', '필용궉', 25, 87.00, 158.00, 'M', '2025-03-12', '2025-04-21 07:53:07'),
	(3, 'quantumpath2995', 'quantumpath2995@isolated-machine.com', 'a000be9bedadb02d6dd21d4e38266af3c57d9d4561a0800297f50788b1060b01', '고은도', 32, 64.00, 198.00, 'F', '2025-03-25', '2025-04-24 02:39:39'),
	(4, 'oceandepth', 'oceandepth@work-station.home', '3bd9563056a52f906d7742fc3d611b02428b71a85319be29628c6c4ae03ef40d', '희정추', 22, 47.00, 151.00, 'O', '2025-03-12', '2025-04-19 20:27:59'),
	(5, 'skypulse8238', 'skypulse8238@phantom-web.services', '147ca6e9c49e9a88f390a919610f84410ef626f33ad3174ec01d942c2482a2dd', '철민온', 35, 55.00, 185.00, 'O', '2025-04-21', '2025-04-19 15:35:47'),
	(6, 'herotrail1276', 'herotrail1276@design-web.institute', '52530c0022f7f3fd9d1472a068c0899de7c9e8f3a6ac27cc061feba1660c464a', '종빈성', 39, 86.00, 182.00, 'F', '2025-03-22', '2025-04-23 02:43:03'),
	(7, 'harmonytune', 'harmonytune@closed-circuit.app', 'c3bfaee79b7ad1fa0e51968be755ab193e00af8d40e5ceb977dbc62186bad77d', '민수견', 40, 69.00, 183.00, 'O', '2025-03-27', '2025-04-22 15:33:08'),
	(8, 'smartwave3563', 'smartwave3563@your-application.io', 'bb59a92c5fd552eec3f85eba7c7f7b2c8bc62cc9fefa43dfe68de16dce1cdca5', '주현학', 26, 48.00, 187.00, 'F', '2025-04-23', '2025-04-19 12:58:23'),
	(9, 'bytehero9412', 'bytehero9412@project-prototype.academy', 'a66a506b00215532177d7335b07bd54cfaec3241e830dc5462aac63cfba05dc6', '겨레묘', 45, 77.00, 157.00, 'F', '2025-03-29', '2025-04-21 17:01:02'),
	(10, 'oceanhorizon_596', 'oceanhorizon_596@code-lab.school', '907445368197756c01abc601a8676eb515acbf258db88635a9b8ff7edc2d1075', '은유임', 20, 76.00, 166.00, 'F', '2025-04-14', '2025-04-18 08:37:57'),
	(11, 'alphavision', 'alphavision@local-network.space', 'c3589ca48bb301aedb2eaffafc3f60bb97898da2c4e0be379050f01a9bd88adc', '순덕만', 26, 55.00, 175.00, 'O', '2025-03-10', '2025-04-23 11:10:10'),
	(12, 'thunderstorm', 'thunderstorm@blueprint-network.ventures', '6d5abd28df67d3e264ecfee5e10173da786ad8135b916d06e8cce7735863a6bf', '장현좌', 44, 61.00, 168.00, 'O', '2025-03-07', '2025-04-19 23:17:52'),
	(13, 'stormchaser', 'stormchaser@the-hidden-service.net', '2e4dc6bf9632f6fcfe1bd3004ada4ceeed0cc42f34ac9976d7deb0c90e067619', '나미기', 23, 67.00, 154.00, 'O', '2025-03-26', '2025-04-20 21:15:09'),
	(14, 'shadowflame5253', 'shadowflame5253@shadow-network.systems', '9a84aa33a1f4185a8062a6fe4d67bda195f2e12cc8e97b8cb6e330f026a62643', '윤주제', 34, 69.00, 164.00, 'O', '2025-04-16', '2025-04-22 16:25:16'),
	(15, 'thunderstrike_342', 'thunderstrike_342@virtual-workspace.today', '96ea604e3a2d4b6fc38ab23da53b99fb8429a7c72ec119b04e6348d262b4ff85', '지안자', 26, 46.00, 179.00, 'O', '2025-04-08', '2025-04-18 06:50:00');

-- 테이블 pedometer.user_plans 구조 내보내기
DROP TABLE IF EXISTS `user_plans`;
CREATE TABLE IF NOT EXISTS `user_plans` (
  `user_plan_id` int(11) NOT NULL AUTO_INCREMENT COMMENT '사용자-계획 조합 식별',
  `user_id` int(11) NOT NULL COMMENT 'Users 테이블의 user_id를 참조',
  `plan_id` int(11) NOT NULL COMMENT 'Training_Plans 테이블의 plan_id를 참조',
  `start_date` date NOT NULL COMMENT '계획 시작 날짜',
  `status` enum('in_progress','completed','abandoned') DEFAULT NULL COMMENT '계획 상태',
  PRIMARY KEY (`user_plan_id`) USING BTREE,
  KEY `user_id` (`user_id`) USING BTREE,
  KEY `plan_id` (`plan_id`) USING BTREE,
  CONSTRAINT `user_plans_ibfk_1` FOREIGN KEY (`user_id`) REFERENCES `users` (`user_id`),
  CONSTRAINT `user_plans_ibfk_2` FOREIGN KEY (`plan_id`) REFERENCES `training_plans` (`plan_id`)
) ENGINE=InnoDB AUTO_INCREMENT=31 COMMENT='사용자별 훈련계획정보';

-- 테이블 데이터 pedometer.user_plans:~30 rows (대략적) 내보내기
INSERT INTO `user_plans` (`user_plan_id`, `user_id`, `plan_id`, `start_date`, `status`) VALUES
	(1, 2, 4, '2025-04-22', 'abandoned'),
	(2, 1, 4, '2025-04-04', 'in_progress'),
	(3, 4, 5, '2025-04-20', 'abandoned'),
	(4, 14, 5, '2025-04-05', 'abandoned'),
	(5, 9, 1, '2025-03-30', 'completed'),
	(6, 7, 1, '2025-04-14', 'completed'),
	(7, 2, 3, '2025-04-20', 'completed'),
	(8, 10, 2, '2025-04-03', 'in_progress'),
	(9, 6, 1, '2025-04-19', 'abandoned'),
	(10, 15, 4, '2025-04-05', 'abandoned'),
	(11, 13, 4, '2025-03-31', 'in_progress'),
	(12, 14, 1, '2025-04-23', 'completed'),
	(13, 1, 2, '2025-03-30', 'completed'),
	(14, 6, 2, '2025-04-21', 'completed'),
	(15, 10, 2, '2025-04-24', 'abandoned'),
	(16, 7, 1, '2025-04-03', 'completed'),
	(17, 6, 2, '2025-04-08', 'in_progress'),
	(18, 12, 5, '2025-04-07', 'completed'),
	(19, 12, 2, '2025-04-14', 'abandoned'),
	(20, 14, 1, '2025-03-28', 'completed'),
	(21, 6, 3, '2025-04-08', 'completed'),
	(22, 8, 4, '2025-03-26', 'abandoned'),
	(23, 9, 5, '2025-04-16', 'completed'),
	(24, 13, 3, '2025-04-10', 'abandoned'),
	(25, 10, 2, '2025-04-09', 'in_progress'),
	(26, 8, 4, '2025-04-20', 'completed'),
	(27, 6, 5, '2025-04-16', 'in_progress'),
	(28, 8, 3, '2025-03-30', 'in_progress'),
	(29, 4, 3, '2025-04-12', 'abandoned'),
	(30, 13, 3, '2025-04-07', 'in_progress');

-- 테이블 pedometer.workouts 구조 내보내기
DROP TABLE IF EXISTS `workouts`;
CREATE TABLE IF NOT EXISTS `workouts` (
  `workout_id` int(11) NOT NULL AUTO_INCREMENT COMMENT '각 운동 세션을 고유하게 식별하는 자동 증가식 키',
  `user_id` int(11) NOT NULL COMMENT 'Users 테이블의 user_id를 참조하는 외래 키',
  `start_time` datetime NOT NULL COMMENT '운동 시작 시간',
  `end_time` datetime DEFAULT NULL COMMENT '운동 종료 시간',
  `type` enum('running','walking','hiking','stair_climbing','other') DEFAULT NULL COMMENT '활동 유형, 사용자가 수행한 활동을 구분',
  `distance` decimal(10,2) DEFAULT NULL COMMENT '운동 거리, 소수점 두 자리까지 표현',
  `duration` int(11) DEFAULT NULL COMMENT '운동 지속 시간(초 단위)',
  `average_speed` decimal(5,2) DEFAULT NULL COMMENT '평균 속도, 소수점 두 자리까지 표현',
  `calories_burned` decimal(6,2) DEFAULT NULL COMMENT '소모된 칼로리량, 소수점 두 자리까지 표현',
  `plan_id` int(11) DEFAULT NULL COMMENT '관련 훈련 계획 ID, Training_Plans 테이블 참조',
  `plan_day` int(11) DEFAULT NULL COMMENT '훈련 계획의 해당 일자(해당 훈련 계획 내에서 운동이 수행된 날짜(계획의 몇 번째 날인지)를 지정',
  PRIMARY KEY (`workout_id`) USING BTREE,
  KEY `user_id` (`user_id`) USING BTREE,
  KEY `plan_id` (`plan_id`) USING BTREE,
  CONSTRAINT `workouts_ibfk_1` FOREIGN KEY (`user_id`) REFERENCES `users` (`user_id`),
  CONSTRAINT `workouts_ibfk_2` FOREIGN KEY (`plan_id`) REFERENCES `training_plans` (`plan_id`)
) ENGINE=InnoDB AUTO_INCREMENT=217 COMMENT='운동실적';

-- 테이블 데이터 pedometer.workouts:~216 rows (대략적) 내보내기
INSERT INTO `workouts` (`workout_id`, `user_id`, `start_time`, `end_time`, `type`, `distance`, `duration`, `average_speed`, `calories_burned`, `plan_id`, `plan_day`) VALUES
	(1, 14, '2025-02-24 23:44:12', '2025-02-25 01:15:12', 'running', 9.00, 3545, 5.70, 279.10, 3, 3),
	(2, 4, '2025-02-24 23:44:12', '2025-02-25 01:27:12', 'stair_climbing', 9.70, 1753, 9.20, 205.50, 5, 1),
	(3, 10, '2025-02-25 23:44:12', '2025-02-26 00:25:12', 'walking', 8.20, 2490, 7.90, 394.10, 3, 0),
	(4, 5, '2025-02-25 23:44:12', '2025-02-26 01:38:12', 'walking', 7.20, 1641, 4.40, 103.40, 3, 7),
	(5, 2, '2025-02-25 23:44:12', '2025-02-25 23:51:12', 'other', 7.30, 1690, 5.30, 250.90, 3, 2),
	(6, 13, '2025-02-25 23:44:12', '2025-02-26 01:09:12', 'running', 8.60, 1744, 2.30, 430.90, 2, 7),
	(7, 4, '2025-02-25 23:44:12', '2025-02-26 01:41:12', 'other', 10.70, 3466, 9.00, 171.10, 5, 6),
	(8, 15, '2025-02-26 23:44:12', '2025-02-26 23:55:12', 'stair_climbing', 3.80, 1680, 5.60, 320.80, 5, 1),
	(9, 6, '2025-02-26 23:44:12', '2025-02-27 00:26:12', 'other', 5.40, 2426, 4.90, 225.90, NULL, NULL),
	(10, 15, '2025-02-26 23:44:12', '2025-02-27 00:18:12', 'walking', 1.60, 1399, 6.70, 275.80, NULL, NULL),
	(11, 10, '2025-02-26 23:44:12', '2025-02-27 00:02:12', 'walking', 4.90, 3198, 1.50, 390.30, 2, 0),
	(12, 5, '2025-02-26 23:44:12', '2025-02-27 01:41:12', 'stair_climbing', 7.10, 3501, 10.50, 452.30, 2, 0),
	(13, 2, '2025-02-26 23:44:12', '2025-02-27 00:56:12', 'walking', 6.80, 1213, 7.50, 120.40, NULL, NULL),
	(14, 8, '2025-02-26 23:44:12', '2025-02-26 23:48:12', 'stair_climbing', 4.30, 2541, 10.60, 118.00, NULL, NULL),
	(15, 3, '2025-02-26 23:44:12', '2025-02-27 00:38:12', 'walking', 4.90, 3376, 4.90, 186.00, NULL, NULL),
	(16, 9, '2025-02-26 23:44:12', '2025-02-27 01:27:12', 'other', 2.40, 3263, 10.20, 101.10, 4, 2),
	(17, 15, '2025-02-27 23:44:12', '2025-02-28 01:18:12', 'other', 3.60, 2401, 10.00, 457.20, 2, 4),
	(18, 8, '2025-02-27 23:44:12', '2025-02-28 00:34:12', 'other', 2.70, 1519, 5.80, 421.80, 4, 3),
	(19, 9, '2025-02-27 23:44:12', '2025-02-28 01:29:12', 'hiking', 6.30, 2024, 4.50, 333.20, 4, 1),
	(20, 7, '2025-02-27 23:44:12', '2025-02-28 00:04:12', 'stair_climbing', 4.80, 2501, 8.30, 485.00, NULL, NULL),
	(21, 4, '2025-02-28 23:44:12', '2025-03-01 00:09:12', 'hiking', 6.50, 2172, 6.90, 340.80, NULL, NULL),
	(22, 8, '2025-02-28 23:44:12', '2025-03-01 01:38:12', 'stair_climbing', 8.30, 2349, 4.80, 255.20, 3, 1),
	(23, 14, '2025-02-28 23:44:12', '2025-03-01 00:51:12', 'other', 9.20, 2062, 6.60, 349.70, NULL, NULL),
	(24, 10, '2025-02-28 23:44:12', '2025-03-01 00:35:12', 'hiking', 6.00, 3236, 8.70, 215.00, 1, 3),
	(25, 7, '2025-03-02 23:44:12', '2025-03-03 00:05:12', 'walking', 3.40, 1439, 1.90, 493.10, 5, 2),
	(26, 5, '2025-03-02 23:44:12', '2025-03-03 01:30:12', 'other', 5.20, 2745, 1.80, 268.40, NULL, NULL),
	(27, 8, '2025-03-02 23:44:12', '2025-03-02 23:54:12', 'walking', 9.70, 2756, 8.60, 419.00, NULL, NULL),
	(28, 15, '2025-03-02 23:44:12', '2025-03-03 00:20:12', 'walking', 1.10, 3338, 5.50, 340.80, 2, 0),
	(29, 3, '2025-03-02 23:44:12', '2025-03-03 01:25:12', 'stair_climbing', 7.70, 2228, 4.20, 178.60, 1, 2),
	(30, 7, '2025-03-03 23:44:12', '2025-03-04 00:42:12', 'walking', 5.90, 1821, 1.80, 293.70, 4, 3),
	(31, 5, '2025-03-03 23:44:12', '2025-03-04 01:20:12', 'stair_climbing', 10.40, 2811, 7.50, 176.40, NULL, NULL),
	(32, 6, '2025-03-04 23:44:12', '2025-03-05 00:08:12', 'running', 7.70, 1561, 1.40, 323.60, 3, 7),
	(33, 5, '2025-03-04 23:44:12', '2025-03-05 00:33:12', 'stair_climbing', 9.70, 2349, 10.60, 208.30, NULL, NULL),
	(34, 2, '2025-03-04 23:44:12', '2025-03-05 00:17:12', 'walking', 10.00, 2237, 7.60, 460.60, 4, 3),
	(35, 9, '2025-03-04 23:44:12', '2025-03-05 01:38:12', 'hiking', 3.50, 3591, 3.20, 154.10, 1, 5),
	(36, 1, '2025-03-05 23:44:12', '2025-03-06 00:22:12', 'walking', 8.30, 2744, 2.40, 380.00, NULL, NULL),
	(37, 13, '2025-03-05 23:44:12', '2025-03-06 01:33:12', 'running', 3.20, 2442, 1.90, 428.60, 3, 4),
	(38, 6, '2025-03-05 23:44:12', '2025-03-06 00:42:12', 'running', 1.70, 1106, 10.80, 424.40, 2, 5),
	(39, 2, '2025-03-06 23:44:12', '2025-03-07 01:01:12', 'walking', 9.60, 1643, 7.40, 288.20, NULL, NULL),
	(40, 4, '2025-03-06 23:44:12', '2025-03-07 00:34:12', 'running', 4.90, 2499, 8.00, 414.40, NULL, NULL),
	(41, 3, '2025-03-06 23:44:12', '2025-03-06 23:59:12', 'other', 2.20, 3342, 2.40, 103.50, 5, 7),
	(42, 6, '2025-03-07 23:44:12', '2025-03-08 01:29:12', 'other', 4.50, 3080, 10.20, 184.50, 3, 7),
	(43, 5, '2025-03-07 23:44:12', '2025-03-08 01:36:12', 'stair_climbing', 2.90, 1469, 4.00, 100.70, 1, 3),
	(44, 11, '2025-03-08 23:44:12', '2025-03-09 01:21:12', 'running', 7.30, 1322, 8.10, 191.20, 3, 3),
	(45, 8, '2025-03-08 23:44:12', '2025-03-09 01:10:12', 'running', 10.90, 3281, 4.90, 246.20, NULL, NULL),
	(46, 14, '2025-03-08 23:44:12', '2025-03-09 01:07:12', 'hiking', 1.20, 3167, 2.00, 108.60, 4, 1),
	(47, 2, '2025-03-08 23:44:12', '2025-03-09 00:41:12', 'other', 6.40, 2869, 10.60, 378.20, 5, 5),
	(48, 3, '2025-03-08 23:44:12', '2025-03-08 23:47:12', 'stair_climbing', 2.30, 2968, 4.70, 339.00, NULL, NULL),
	(49, 4, '2025-03-08 23:44:12', '2025-03-09 01:02:12', 'walking', 2.50, 1284, 1.70, 119.40, 1, 4),
	(50, 2, '2025-03-08 23:44:12', '2025-03-09 00:35:12', 'stair_climbing', 2.80, 3220, 8.00, 483.60, 3, 5),
	(51, 12, '2025-03-08 23:44:12', '2025-03-09 01:39:12', 'walking', 3.30, 2281, 8.60, 239.30, 4, 0),
	(52, 5, '2025-03-08 23:44:12', '2025-03-09 01:08:12', 'other', 5.90, 2871, 2.00, 243.30, NULL, NULL),
	(53, 14, '2025-03-09 23:44:12', '2025-03-10 00:40:12', 'running', 10.10, 1962, 2.00, 269.20, NULL, NULL),
	(54, 11, '2025-03-10 23:44:12', '2025-03-11 00:54:12', 'walking', 7.50, 2153, 3.30, 446.50, NULL, NULL),
	(55, 8, '2025-03-10 23:44:12', '2025-03-11 00:33:12', 'stair_climbing', 9.40, 2040, 5.50, 125.20, NULL, NULL),
	(56, 12, '2025-03-10 23:44:12', '2025-03-11 00:28:12', 'stair_climbing', 8.80, 2536, 6.90, 182.80, 1, 0),
	(57, 2, '2025-03-10 23:44:12', '2025-03-11 01:05:12', 'walking', 4.30, 3159, 2.50, 221.70, 1, 1),
	(58, 10, '2025-03-11 23:44:12', '2025-03-11 23:52:12', 'running', 1.40, 1147, 2.50, 342.80, NULL, NULL),
	(59, 15, '2025-03-11 23:44:12', '2025-03-12 01:18:12', 'other', 9.60, 3078, 4.90, 334.10, NULL, NULL),
	(60, 8, '2025-03-11 23:44:12', '2025-03-12 00:10:12', 'stair_climbing', 4.80, 1315, 5.30, 430.50, NULL, NULL),
	(61, 12, '2025-03-11 23:44:12', '2025-03-12 00:13:12', 'hiking', 10.40, 1353, 9.30, 404.50, 4, 2),
	(62, 6, '2025-03-12 23:44:12', '2025-03-13 00:20:12', 'stair_climbing', 10.40, 2037, 2.60, 350.60, 2, 3),
	(63, 4, '2025-03-12 23:44:12', '2025-03-13 00:22:12', 'other', 8.40, 3392, 4.40, 496.80, 4, 0),
	(64, 12, '2025-03-12 23:44:12', '2025-03-13 00:54:12', 'other', 3.40, 1532, 4.00, 463.40, 4, 6),
	(65, 2, '2025-03-12 23:44:12', '2025-03-12 23:49:12', 'hiking', 6.60, 1549, 4.50, 157.40, NULL, NULL),
	(66, 5, '2025-03-12 23:44:12', '2025-03-13 01:22:12', 'running', 4.20, 1394, 8.80, 294.10, 1, 2),
	(67, 6, '2025-03-12 23:44:12', '2025-03-13 00:54:12', 'running', 9.00, 2806, 1.50, 168.30, 4, 0),
	(68, 1, '2025-03-12 23:44:12', '2025-03-13 01:04:12', 'other', 1.00, 2648, 2.40, 426.20, NULL, NULL),
	(69, 6, '2025-03-13 23:44:12', '2025-03-14 00:19:12', 'hiking', 5.80, 3572, 6.00, 319.70, NULL, NULL),
	(70, 8, '2025-03-13 23:44:12', '2025-03-14 00:25:12', 'running', 2.60, 2844, 1.40, 132.40, 2, 4),
	(71, 11, '2025-03-14 23:44:12', '2025-03-15 00:03:12', 'walking', 7.60, 2683, 3.20, 178.60, NULL, NULL),
	(72, 3, '2025-03-14 23:44:12', '2025-03-15 01:29:12', 'stair_climbing', 3.90, 1346, 8.70, 283.90, NULL, NULL),
	(73, 2, '2025-03-14 23:44:12', '2025-03-15 01:38:12', 'other', 3.00, 2542, 4.40, 476.90, 4, 1),
	(74, 2, '2025-03-15 23:44:12', '2025-03-15 23:55:12', 'walking', 9.90, 2964, 2.00, 195.10, 5, 2),
	(75, 14, '2025-03-15 23:44:12', '2025-03-16 00:36:12', 'other', 3.70, 2586, 3.30, 233.50, NULL, NULL),
	(76, 7, '2025-03-15 23:44:12', '2025-03-16 00:15:12', 'other', 10.20, 3095, 3.40, 425.80, NULL, NULL),
	(77, 4, '2025-03-16 23:44:12', '2025-03-17 01:36:12', 'hiking', 6.80, 2221, 7.00, 339.10, NULL, NULL),
	(78, 3, '2025-03-16 23:44:12', '2025-03-17 00:10:12', 'other', 4.40, 1775, 5.70, 283.40, 2, 4),
	(79, 12, '2025-03-17 23:44:12', '2025-03-18 01:03:12', 'other', 2.80, 2128, 7.10, 400.80, NULL, NULL),
	(80, 3, '2025-03-17 23:44:12', '2025-03-18 01:25:12', 'stair_climbing', 8.00, 2474, 8.30, 481.40, 3, 6),
	(81, 7, '2025-03-17 23:44:12', '2025-03-18 00:18:12', 'walking', 1.80, 1647, 10.90, 190.20, 2, 2),
	(82, 4, '2025-03-17 23:44:12', '2025-03-18 00:17:12', 'other', 6.40, 1184, 8.30, 283.20, NULL, NULL),
	(83, 2, '2025-03-17 23:44:12', '2025-03-18 01:08:12', 'walking', 5.10, 1431, 6.70, 252.60, NULL, NULL),
	(84, 7, '2025-03-17 23:44:12', '2025-03-18 01:18:12', 'stair_climbing', 10.50, 3012, 1.10, 402.00, NULL, NULL),
	(85, 2, '2025-03-18 23:44:12', '2025-03-19 01:39:12', 'other', 1.70, 2077, 9.30, 476.60, NULL, NULL),
	(86, 2, '2025-03-18 23:44:12', '2025-03-19 00:00:12', 'walking', 9.70, 2598, 5.30, 237.30, 5, 5),
	(87, 2, '2025-03-18 23:44:12', '2025-03-19 00:03:12', 'running', 5.70, 3098, 7.00, 345.20, NULL, NULL),
	(88, 12, '2025-03-19 23:44:12', '2025-03-20 01:02:12', 'other', 3.10, 2518, 3.60, 323.30, 1, 7),
	(89, 5, '2025-03-19 23:44:12', '2025-03-20 00:57:12', 'other', 1.70, 2109, 10.10, 211.10, NULL, NULL),
	(90, 2, '2025-03-20 23:44:12', '2025-03-21 00:32:12', 'hiking', 6.40, 1212, 8.60, 340.40, 4, 6),
	(91, 3, '2025-03-20 23:44:12', '2025-03-21 00:20:12', 'other', 7.50, 2417, 8.40, 145.00, 5, 0),
	(92, 3, '2025-03-20 23:44:12', '2025-03-21 01:42:12', 'running', 4.80, 2916, 6.10, 246.80, 1, 0),
	(93, 3, '2025-03-20 23:44:12', '2025-03-20 23:46:12', 'running', 6.90, 2577, 3.30, 239.60, NULL, NULL),
	(94, 10, '2025-03-21 23:44:12', '2025-03-22 00:48:12', 'other', 7.70, 3078, 10.60, 278.90, NULL, NULL),
	(95, 14, '2025-03-21 23:44:12', '2025-03-22 00:21:12', 'stair_climbing', 7.60, 1410, 8.90, 297.70, 1, 3),
	(96, 1, '2025-03-21 23:44:12', '2025-03-22 00:36:12', 'walking', 3.90, 2382, 8.50, 179.10, 4, 3),
	(97, 6, '2025-03-21 23:44:12', '2025-03-22 00:40:12', 'other', 9.60, 2959, 2.70, 349.20, 2, 7),
	(98, 12, '2025-03-21 23:44:12', '2025-03-22 00:34:12', 'other', 1.10, 2281, 5.20, 363.70, 1, 3),
	(99, 1, '2025-03-22 23:44:12', '2025-03-23 00:59:12', 'running', 8.90, 2452, 5.10, 252.50, 3, 7),
	(100, 15, '2025-03-23 23:44:12', '2025-03-24 01:15:12', 'running', 3.60, 1023, 3.40, 174.30, 1, 6),
	(101, 9, '2025-03-23 23:44:12', '2025-03-24 01:33:12', 'other', 7.10, 2241, 6.30, 193.30, 2, 1),
	(102, 9, '2025-03-23 23:44:12', '2025-03-24 00:35:12', 'stair_climbing', 8.10, 1438, 8.00, 102.40, NULL, NULL),
	(103, 3, '2025-03-23 23:44:12', '2025-03-24 00:17:12', 'other', 5.10, 2325, 4.10, 116.50, NULL, NULL),
	(104, 15, '2025-03-24 23:44:12', '2025-03-25 01:27:12', 'walking', 5.20, 2325, 3.70, 443.80, 3, 4),
	(105, 9, '2025-03-24 23:44:12', '2025-03-25 00:05:12', 'other', 5.50, 3277, 1.10, 274.30, NULL, NULL),
	(106, 3, '2025-03-24 23:44:12', '2025-03-25 00:19:12', 'walking', 3.70, 2784, 6.90, 472.50, NULL, NULL),
	(107, 9, '2025-03-25 23:44:12', '2025-03-26 01:41:12', 'other', 10.30, 2916, 9.80, 194.60, 4, 2),
	(108, 12, '2025-03-25 23:44:12', '2025-03-26 00:48:12', 'running', 2.00, 1301, 3.50, 465.90, NULL, NULL),
	(109, 10, '2025-03-26 23:44:12', '2025-03-27 01:38:12', 'stair_climbing', 10.20, 1853, 9.70, 263.60, 5, 7),
	(110, 2, '2025-03-26 23:44:12', '2025-03-27 01:41:12', 'walking', 8.40, 2836, 3.90, 251.90, 3, 1),
	(111, 13, '2025-03-26 23:44:12', '2025-03-26 23:53:12', 'walking', 3.40, 1827, 9.60, 249.10, NULL, NULL),
	(112, 5, '2025-03-26 23:44:12', '2025-03-27 00:42:12', 'stair_climbing', 9.40, 1566, 6.60, 168.90, 3, 2),
	(113, 15, '2025-03-27 23:44:12', '2025-03-28 00:42:12', 'walking', 4.60, 2929, 7.00, 428.90, NULL, NULL),
	(114, 2, '2025-03-27 23:44:12', '2025-03-27 23:50:12', 'running', 2.40, 2411, 3.70, 403.60, 2, 2),
	(115, 1, '2025-03-27 23:44:12', '2025-03-28 00:42:12', 'walking', 2.70, 3341, 10.60, 158.30, 4, 0),
	(116, 6, '2025-03-28 23:44:12', '2025-03-29 00:01:12', 'other', 8.00, 1041, 10.70, 435.40, 3, 3),
	(117, 13, '2025-03-28 23:44:12', '2025-03-29 01:14:12', 'other', 5.90, 2613, 7.10, 195.30, 1, 0),
	(118, 10, '2025-03-28 23:44:12', '2025-03-29 01:09:12', 'hiking', 4.00, 1161, 4.90, 410.40, NULL, NULL),
	(119, 11, '2025-03-28 23:44:12', '2025-03-29 00:28:12', 'other', 5.00, 1819, 4.60, 452.60, 1, 4),
	(120, 5, '2025-03-29 23:44:12', '2025-03-30 00:48:12', 'stair_climbing', 6.70, 3550, 2.60, 460.30, 2, 5),
	(121, 11, '2025-03-29 23:44:12', '2025-03-29 23:50:12', 'stair_climbing', 6.70, 2648, 5.40, 225.40, NULL, NULL),
	(122, 8, '2025-03-29 23:44:12', '2025-03-30 00:32:12', 'hiking', 7.50, 2406, 8.50, 155.40, 4, 7),
	(123, 11, '2025-03-29 23:44:12', '2025-03-30 00:37:12', 'walking', 2.10, 2888, 3.70, 172.90, 1, 6),
	(124, 11, '2025-03-29 23:44:12', '2025-03-30 00:44:12', 'stair_climbing', 7.60, 2111, 2.30, 259.10, 1, 6),
	(125, 14, '2025-03-30 23:44:12', '2025-03-31 00:48:12', 'walking', 3.00, 3393, 1.00, 198.90, NULL, NULL),
	(126, 7, '2025-03-30 23:44:12', '2025-03-30 23:53:12', 'walking', 8.70, 2700, 10.50, 431.80, 5, 2),
	(127, 14, '2025-03-30 23:44:12', '2025-03-31 00:16:12', 'walking', 4.60, 1364, 6.90, 317.10, NULL, NULL),
	(128, 5, '2025-03-31 23:44:12', '2025-04-01 00:08:12', 'stair_climbing', 6.30, 3099, 5.20, 374.90, NULL, NULL),
	(129, 10, '2025-04-01 23:44:12', '2025-04-02 00:09:12', 'hiking', 5.40, 3573, 7.00, 122.80, 2, 0),
	(130, 14, '2025-04-02 23:44:12', '2025-04-03 01:35:12', 'running', 10.00, 1241, 8.50, 300.50, NULL, NULL),
	(131, 1, '2025-04-02 23:44:12', '2025-04-03 01:31:12', 'running', 1.90, 3558, 7.40, 207.80, NULL, NULL),
	(132, 10, '2025-04-02 23:44:12', '2025-04-02 23:49:12', 'hiking', 3.60, 3254, 6.40, 151.10, NULL, NULL),
	(133, 14, '2025-04-03 23:44:12', '2025-04-04 00:12:12', 'stair_climbing', 5.40, 1869, 4.30, 365.80, 5, 1),
	(134, 1, '2025-04-03 23:44:12', '2025-04-04 00:44:12', 'stair_climbing', 1.20, 3542, 9.20, 181.70, NULL, NULL),
	(135, 6, '2025-04-03 23:44:12', '2025-04-04 01:25:12', 'stair_climbing', 5.30, 3109, 8.30, 206.60, 1, 3),
	(136, 7, '2025-04-04 23:44:12', '2025-04-05 00:59:12', 'stair_climbing', 3.70, 2292, 7.40, 396.30, NULL, NULL),
	(137, 3, '2025-04-04 23:44:12', '2025-04-05 01:34:12', 'walking', 10.50, 2922, 9.20, 471.80, 4, 0),
	(138, 6, '2025-04-04 23:44:12', '2025-04-05 01:28:12', 'stair_climbing', 10.80, 3021, 10.20, 221.40, NULL, NULL),
	(139, 1, '2025-04-05 23:44:12', '2025-04-06 01:43:12', 'other', 5.20, 2189, 1.20, 393.10, NULL, NULL),
	(140, 10, '2025-04-05 23:44:12', '2025-04-06 00:43:12', 'other', 8.00, 3584, 9.60, 230.40, 1, 5),
	(141, 5, '2025-04-05 23:44:12', '2025-04-06 01:07:12', 'walking', 6.60, 3201, 6.20, 132.00, NULL, NULL),
	(142, 12, '2025-04-05 23:44:12', '2025-04-06 01:04:12', 'hiking', 7.80, 3111, 10.90, 319.20, NULL, NULL),
	(143, 11, '2025-04-06 23:44:12', '2025-04-07 01:18:12', 'hiking', 5.40, 2401, 4.60, 175.40, NULL, NULL),
	(144, 1, '2025-04-06 23:44:12', '2025-04-07 01:32:12', 'stair_climbing', 9.10, 3534, 5.10, 166.10, 3, 2),
	(145, 1, '2025-04-06 23:44:12', '2025-04-07 01:13:12', 'walking', 2.70, 1070, 7.10, 500.60, NULL, NULL),
	(146, 12, '2025-04-06 23:44:12', '2025-04-07 01:10:12', 'stair_climbing', 7.80, 1243, 5.20, 438.40, 4, 2),
	(147, 6, '2025-04-06 23:44:12', '2025-04-07 00:35:12', 'other', 10.30, 1318, 9.20, 397.50, 4, 7),
	(148, 13, '2025-04-07 23:44:12', '2025-04-08 00:24:12', 'walking', 8.00, 2277, 4.40, 191.50, NULL, NULL),
	(149, 14, '2025-04-07 23:44:12', '2025-04-08 01:43:12', 'running', 6.00, 1532, 6.20, 500.70, NULL, NULL),
	(150, 14, '2025-04-07 23:44:12', '2025-04-07 23:49:12', 'running', 1.20, 1018, 10.70, 434.30, 3, 2),
	(151, 14, '2025-04-07 23:44:12', '2025-04-08 00:37:12', 'other', 9.90, 3506, 2.10, 380.80, NULL, NULL),
	(152, 5, '2025-04-08 23:44:12', '2025-04-09 01:05:12', 'other', 4.80, 1672, 2.40, 476.00, 1, 7),
	(153, 14, '2025-04-08 23:44:12', '2025-04-08 23:46:12', 'walking', 8.10, 2288, 4.40, 194.00, 1, 2),
	(154, 4, '2025-04-09 23:44:12', '2025-04-10 00:23:12', 'running', 1.90, 2075, 8.80, 375.90, NULL, NULL),
	(155, 5, '2025-04-09 23:44:12', '2025-04-10 01:35:12', 'hiking', 5.00, 2861, 4.60, 362.90, NULL, NULL),
	(156, 5, '2025-04-09 23:44:12', '2025-04-10 00:38:12', 'running', 9.90, 1766, 9.00, 150.40, NULL, NULL),
	(157, 9, '2025-04-10 23:44:12', '2025-04-11 01:32:12', 'stair_climbing', 9.20, 1022, 6.60, 423.30, NULL, NULL),
	(158, 12, '2025-04-10 23:44:12', '2025-04-11 01:39:12', 'walking', 2.50, 1351, 3.10, 377.60, NULL, NULL),
	(159, 9, '2025-04-10 23:44:12', '2025-04-11 01:40:12', 'walking', 8.50, 2967, 6.20, 242.90, NULL, NULL),
	(160, 7, '2025-04-10 23:44:12', '2025-04-11 01:07:12', 'running', 10.30, 2718, 6.00, 309.60, NULL, NULL),
	(161, 10, '2025-04-11 23:44:12', '2025-04-11 23:55:12', 'hiking', 1.20, 2951, 7.70, 145.70, NULL, NULL),
	(162, 6, '2025-04-11 23:44:12', '2025-04-12 00:20:12', 'other', 6.80, 1582, 4.60, 161.70, 3, 7),
	(163, 4, '2025-04-11 23:44:12', '2025-04-12 00:03:12', 'walking', 9.60, 2345, 10.90, 265.60, 1, 2),
	(164, 7, '2025-04-11 23:44:12', '2025-04-12 00:49:12', 'hiking', 3.00, 1833, 10.80, 495.10, NULL, NULL),
	(165, 9, '2025-04-11 23:44:12', '2025-04-12 00:44:12', 'running', 4.20, 1284, 6.80, 333.90, NULL, NULL),
	(166, 6, '2025-04-11 23:44:12', '2025-04-12 01:13:12', 'hiking', 8.60, 1047, 9.00, 489.60, NULL, NULL),
	(167, 9, '2025-04-12 23:44:12', '2025-04-13 01:07:12', 'walking', 1.50, 2491, 8.10, 442.70, 3, 2),
	(168, 8, '2025-04-12 23:44:12', '2025-04-13 00:15:12', 'stair_climbing', 4.50, 3323, 4.90, 216.90, NULL, NULL),
	(169, 3, '2025-04-13 23:44:12', '2025-04-14 00:28:12', 'walking', 4.10, 2876, 7.50, 152.20, NULL, NULL),
	(170, 13, '2025-04-13 23:44:12', '2025-04-13 23:54:12', 'other', 4.20, 3267, 4.80, 231.00, NULL, NULL),
	(171, 6, '2025-04-13 23:44:12', '2025-04-14 00:39:12', 'hiking', 8.30, 2039, 8.90, 414.10, 2, 5),
	(172, 13, '2025-04-13 23:44:12', '2025-04-14 00:04:12', 'hiking', 6.80, 2691, 6.00, 333.20, 2, 7),
	(173, 8, '2025-04-14 23:44:12', '2025-04-15 00:56:12', 'walking', 1.90, 1825, 4.00, 338.00, 1, 1),
	(174, 1, '2025-04-14 23:44:12', '2025-04-15 00:46:12', 'running', 7.30, 1184, 5.40, 496.00, NULL, NULL),
	(175, 9, '2025-04-14 23:44:12', '2025-04-15 01:00:12', 'running', 6.50, 2288, 9.10, 329.40, NULL, NULL),
	(176, 5, '2025-04-14 23:44:12', '2025-04-15 00:44:12', 'other', 2.90, 1441, 3.50, 407.70, 3, 3),
	(177, 2, '2025-04-15 23:44:12', '2025-04-16 01:13:12', 'other', 4.00, 3071, 1.60, 474.80, 1, 1),
	(178, 13, '2025-04-15 23:44:12', '2025-04-16 00:56:12', 'hiking', 10.10, 3473, 1.00, 161.00, NULL, NULL),
	(179, 2, '2025-04-15 23:44:12', '2025-04-16 00:34:12', 'running', 4.80, 2411, 6.50, 158.50, 1, 0),
	(180, 9, '2025-04-16 23:44:12', '2025-04-17 01:16:12', 'other', 1.10, 2288, 5.20, 354.30, 3, 2),
	(181, 9, '2025-04-16 23:44:12', '2025-04-17 01:42:12', 'hiking', 7.60, 2905, 7.80, 181.90, NULL, NULL),
	(182, 3, '2025-04-16 23:44:12', '2025-04-17 01:40:12', 'stair_climbing', 3.50, 2018, 2.80, 402.90, NULL, NULL),
	(183, 1, '2025-04-17 23:44:12', '2025-04-18 01:06:12', 'stair_climbing', 10.80, 1274, 6.60, 295.40, 3, 6),
	(184, 8, '2025-04-17 23:44:12', '2025-04-18 00:55:12', 'stair_climbing', 7.40, 1469, 10.50, 195.00, 1, 6),
	(185, 11, '2025-04-18 23:44:12', '2025-04-19 01:08:12', 'running', 4.00, 1732, 5.80, 332.70, 3, 2),
	(186, 10, '2025-04-18 23:44:12', '2025-04-19 00:36:12', 'walking', 4.90, 3523, 7.50, 242.20, NULL, NULL),
	(187, 9, '2025-04-18 23:44:12', '2025-04-18 23:57:12', 'hiking', 7.40, 2092, 2.70, 341.10, 1, 7),
	(188, 1, '2025-04-18 23:44:12', '2025-04-19 01:18:12', 'running', 1.20, 3370, 5.70, 351.60, 4, 5),
	(189, 5, '2025-04-18 23:44:12', '2025-04-18 23:44:12', 'other', 7.20, 1919, 9.80, 254.30, NULL, NULL),
	(190, 5, '2025-04-19 23:44:12', '2025-04-20 00:37:12', 'running', 5.90, 3541, 5.00, 132.90, 1, 4),
	(191, 4, '2025-04-19 23:44:12', '2025-04-20 00:58:12', 'walking', 10.80, 3091, 1.70, 478.50, 5, 3),
	(192, 5, '2025-04-19 23:44:12', '2025-04-20 01:17:12', 'walking', 10.60, 1100, 4.00, 260.80, NULL, NULL),
	(193, 12, '2025-04-19 23:44:12', '2025-04-20 01:14:12', 'walking', 6.40, 2593, 5.40, 249.00, 4, 4),
	(194, 4, '2025-04-19 23:44:12', '2025-04-20 01:43:12', 'walking', 4.00, 2920, 8.80, 390.00, NULL, NULL),
	(195, 15, '2025-04-20 23:44:12', '2025-04-21 01:42:12', 'other', 4.60, 1558, 10.80, 220.50, 4, 1),
	(196, 2, '2025-04-20 23:44:12', '2025-04-21 01:23:12', 'walking', 8.20, 3356, 4.40, 106.70, 4, 0),
	(197, 12, '2025-04-20 23:44:12', '2025-04-21 00:03:12', 'walking', 8.80, 1438, 5.80, 468.70, 1, 7),
	(198, 10, '2025-04-20 23:44:12', '2025-04-21 00:27:12', 'stair_climbing', 9.60, 3488, 2.80, 131.00, 4, 1),
	(199, 12, '2025-04-21 23:44:12', '2025-04-22 01:21:12', 'stair_climbing', 6.90, 1425, 1.30, 366.90, NULL, NULL),
	(200, 4, '2025-04-21 23:44:12', '2025-04-22 01:17:12', 'walking', 4.10, 2480, 10.00, 436.80, NULL, NULL),
	(201, 4, '2025-04-21 23:44:12', '2025-04-22 01:38:12', 'running', 9.40, 3120, 6.30, 192.90, 2, 0),
	(202, 2, '2025-04-21 23:44:12', '2025-04-22 00:37:12', 'hiking', 9.70, 1161, 7.70, 174.90, NULL, NULL),
	(203, 13, '2025-04-21 23:44:12', '2025-04-22 00:06:12', 'hiking', 7.40, 3309, 6.00, 455.00, NULL, NULL),
	(204, 8, '2025-04-21 23:44:12', '2025-04-22 00:06:12', 'other', 2.80, 1191, 9.10, 436.50, 3, 7),
	(205, 10, '2025-04-22 23:44:12', '2025-04-23 01:05:12', 'hiking', 7.00, 2140, 4.70, 328.60, NULL, NULL),
	(206, 1, '2025-04-22 23:44:12', '2025-04-23 00:49:12', 'stair_climbing', 4.30, 1813, 6.40, 413.70, NULL, NULL),
	(207, 12, '2025-04-22 23:44:12', '2025-04-23 00:12:12', 'other', 10.80, 1224, 5.80, 172.00, 1, 3),
	(208, 7, '2025-04-22 23:44:12', '2025-04-23 00:42:12', 'stair_climbing', 6.20, 1602, 6.80, 194.40, NULL, NULL),
	(209, 15, '2025-04-23 23:44:12', '2025-04-24 01:08:12', 'walking', 1.80, 2812, 3.30, 128.70, NULL, NULL),
	(210, 6, '2025-04-23 23:44:12', '2025-04-24 00:01:12', 'hiking', 7.70, 1314, 6.70, 301.10, NULL, NULL),
	(211, 9, '2025-04-24 23:44:12', '2025-04-25 01:02:12', 'running', 3.90, 1804, 7.60, 265.50, NULL, NULL),
	(212, 13, '2025-04-24 23:44:12', '2025-04-24 23:58:12', 'stair_climbing', 5.90, 1417, 4.10, 145.10, 4, 5),
	(213, 13, '2025-04-24 23:44:12', '2025-04-25 00:03:12', 'hiking', 8.30, 1884, 5.90, 280.20, NULL, NULL),
	(214, 12, '2025-04-24 23:44:12', '2025-04-25 01:19:12', 'stair_climbing', 8.50, 3271, 2.10, 475.60, NULL, NULL),
	(215, 15, '2025-04-24 23:44:12', '2025-04-24 23:46:12', 'running', 3.90, 1707, 5.60, 311.20, 5, 3),
	(216, 1, '2025-04-24 23:44:12', '2025-04-25 00:05:12', 'running', 4.20, 1228, 5.70, 143.30, NULL, NULL);

/*!40103 SET TIME_ZONE=IFNULL(@OLD_TIME_ZONE, 'system') */;
/*!40101 SET SQL_MODE=IFNULL(@OLD_SQL_MODE, '') */;
/*!40014 SET FOREIGN_KEY_CHECKS=IFNULL(@OLD_FOREIGN_KEY_CHECKS, 1) */;
/*!40101 SET CHARACTER_SET_CLIENT=@OLD_CHARACTER_SET_CLIENT */;
/*!40111 SET SQL_NOTES=IFNULL(@OLD_SQL_NOTES, 1) */;
